,player,total_workers,total_army_value,total_army,fraction,winner,replay_filename
0,DnS,66,2625,11,P,1,replays/1stRun\001bf0a2e6624544b051e1ebf649b480.SC2Replay
1,Clem,46,5825,65,T,0,replays/1stRun\001bf0a2e6624544b051e1ebf649b480.SC2Replay
2,iGiA,45,1400,16,Z,1,replays/1stRun\003c1f2e362242c698c21063bfcc4d6f.SC2Replay
3,iGXiGua,34,2125,50,Z,0,replays/1stRun\003c1f2e362242c698c21063bfcc4d6f.SC2Replay
4,State,27,550,3,P,0,replays/1stRun\00b612edc78c4a818fa4405db3bfe3fd.SC2Replay
5,PiLiPiLi,23,600,4,P,1,replays/1stRun\00b612edc78c4a818fa4405db3bfe3fd.SC2Replay
6,Optimus,66,8000,88,T,1,replays/1stRun\00c26072d8ec4c699dab9154900aa769.SC2Replay
7,LiquidTLO,74,12300,181,Z,0,replays/1stRun\00c26072d8ec4c699dab9154900aa769.SC2Replay
8,Sen,37,1450,24,Z,1,replays/1stRun\00d09303c8c54d52980881fdac912b8f.SC2Replay
9,Rose,35,950,13,Z,0,replays/1stRun\00d09303c8c54d52980881fdac912b8f.SC2Replay
10,Zest,64,2525,9,P,1,replays/1stRun\00f9958cffb34e24a277e76ee34c211f.SC2Replay
11,Stephano,64,5375,43,Z,0,replays/1stRun\00f9958cffb34e24a277e76ee34c211f.SC2Replay
12,MaNa,28,1075,6,P,1,replays/1stRun\00fdc8fa93474b1196b9a36188f21bc8.SC2Replay
13,Caliber,23,1250,7,P,0,replays/1stRun\00fdc8fa93474b1196b9a36188f21bc8.SC2Replay
14,Zanster,67,5000,70,Z,1,replays/1stRun\01a72a97f1d84e9db6462f70119e5804.SC2Replay
15,Drunkenboi,54,2950,35,T,0,replays/1stRun\01a72a97f1d84e9db6462f70119e5804.SC2Replay
16,PiLiPiLi,23,1100,5,P,0,replays/1stRun\01ade5c6c13d4659b1957558c045d3bf.SC2Replay
17,Zest,28,1250,7,P,1,replays/1stRun\01ade5c6c13d4659b1957558c045d3bf.SC2Replay
18,GogojOey,36,2100,21,Z,0,replays/1stRun\01e941712e92471399312890e265881a.SC2Replay
19,INnoVation,35,1750,16,T,1,replays/1stRun\01e941712e92471399312890e265881a.SC2Replay
20,Snute,82,2400,33,Z,1,replays/1stRun\01f46a6dc31c49a782e52e13fc9d2b6b.SC2Replay
21,Harstem,67,1425,6,P,0,replays/1stRun\01f46a6dc31c49a782e52e13fc9d2b6b.SC2Replay
22,Patience,26,700,4,P,0,replays/1stRun\01feb8bef10842d2858a1551df038074.SC2Replay
23,LiquidMaNa,25,350,2,P,1,replays/1stRun\01feb8bef10842d2858a1551df038074.SC2Replay
24,Drunkenboi,52,6625,66,T,0,replays/1stRun\02bfc63bdd8b4235b4caed6f26d7123a.SC2Replay
25,puCK,59,3400,10,P,1,replays/1stRun\02bfc63bdd8b4235b4caed6f26d7123a.SC2Replay
26,TRUE,40,3750,93,Z,0,replays/1stRun\02d0e6589f2a407b9bbc7d667fcd9416.SC2Replay
27,PiLiPiLi,62,4500,18,P,1,replays/1stRun\02d0e6589f2a407b9bbc7d667fcd9416.SC2Replay
28,Nerchio,25,825,21,Z,1,replays/1stRun\02d82d7cd181492b82a85db9ce2e79ec.SC2Replay
29,Zanster,15,1050,28,Z,0,replays/1stRun\02d82d7cd181492b82a85db9ce2e79ec.SC2Replay
30,Neeb,73,2175,9,P,1,replays/1stRun\02e7514926a94550a52d4a2417650a43.SC2Replay
31,TLO,65,7575,95,Z,0,replays/1stRun\02e7514926a94550a52d4a2417650a43.SC2Replay
32,Silky,24,750,11,Z,0,replays/1stRun\02ef018e69a843adb5d191fb569cbff6.SC2Replay
33,Jig,16,1000,21,Z,1,replays/1stRun\02ef018e69a843adb5d191fb569cbff6.SC2Replay
34,Reynor,76,4200,98,Z,0,replays/1stRun\03c51e598f184660a41ce9ac42ee42c2.SC2Replay
35,uThermaL,65,3625,41,T,1,replays/1stRun\03c51e598f184660a41ce9ac42ee42c2.SC2Replay
36,PiLiPiLi,42,950,5,P,1,replays/1stRun\03cb436d01594b9291be19f1a525b179.SC2Replay
37,State,37,1050,5,P,0,replays/1stRun\03cb436d01594b9291be19f1a525b179.SC2Replay
38,PartinG,24,1100,6,P,1,replays/1stRun\03d3f9214df84013bb8082b2eb28a378.SC2Replay
39,Patience,23,875,5,P,0,replays/1stRun\03d3f9214df84013bb8082b2eb28a378.SC2Replay
40,CalebAracous,56,6950,60,Z,1,replays/1stRun\03e38df400b84355ba74441c92a9f0f0.SC2Replay
41,DisK,64,1800,6,P,0,replays/1stRun\03e38df400b84355ba74441c92a9f0f0.SC2Replay
42,Pure,47,725,5,P,0,replays/1stRun\03eb1855da0e46a7bd83eefc4e12d98c.SC2Replay
43,Cuddlebear,42,975,15,T,1,replays/1stRun\03eb1855da0e46a7bd83eefc4e12d98c.SC2Replay
44,TIME,31,550,6,T,0,replays/1stRun\03ec7b932cfd4f83bc0946466d1da66c.SC2Replay
45,Reynor,35,1375,20,Z,1,replays/1stRun\03ec7b932cfd4f83bc0946466d1da66c.SC2Replay
46,LiquidSnute,59,19150,115,Z,1,replays/1stRun\04ab6eb69a6c4f919839938101a8a0b0.SC2Replay
47,aLive,63,14450,85,T,0,replays/1stRun\04ab6eb69a6c4f919839938101a8a0b0.SC2Replay
48,Snute,74,5475,45,Z,1,replays/1stRun\04af96ad18974a37a4e2c53d5c3975af.SC2Replay
49,Cuddlebear,73,2500,16,T,0,replays/1stRun\04af96ad18974a37a4e2c53d5c3975af.SC2Replay
50,SpeCial,67,7625,82,T,1,replays/1stRun\04b6f08f4b9f46f3bc62c170ddaa579f.SC2Replay
51,Neeb,73,5150,18,P,0,replays/1stRun\04b6f08f4b9f46f3bc62c170ddaa579f.SC2Replay
52,Elazer,51,4950,46,Z,0,replays/1stRun\04cead413e7a4e479f6786d57cdc207b.SC2Replay
53,soO,54,4050,33,Z,1,replays/1stRun\04cead413e7a4e479f6786d57cdc207b.SC2Replay
54,RAIL,48,1000,5,P,0,replays/1stRun\04e5747302304279bbaf13d298237c18.SC2Replay
55,SortOf,59,2700,39,Z,1,replays/1stRun\04e5747302304279bbaf13d298237c18.SC2Replay
56,RiSky,80,11250,182,Z,0,replays/1stRun\0a07fed3ad8749a4b2c64be5a205c9a0.SC2Replay
57,InZaNe,73,6925,77,T,1,replays/1stRun\0a07fed3ad8749a4b2c64be5a205c9a0.SC2Replay
58,NeXa,23,1025,6,P,0,replays/1stRun\0a0cdd1b8f9f4bf7a79793f656c4165c.SC2Replay
59,Buster,43,1525,19,T,1,replays/1stRun\0a0cdd1b8f9f4bf7a79793f656c4165c.SC2Replay
60,SortOf,27,1500,20,Z,0,replays/1stRun\0a0d156fb323465a9da45aadafac23f8.SC2Replay
61,TIME,28,1450,9,T,1,replays/1stRun\0a0d156fb323465a9da45aadafac23f8.SC2Replay
62,Optimus,47,3700,40,T,0,replays/1stRun\0a21c3752d6d44019f0682cec09dca01.SC2Replay
63,Bunny,57,1875,10,T,1,replays/1stRun\0a21c3752d6d44019f0682cec09dca01.SC2Replay
64,iGiA,50,9500,90,Z,0,replays/1stRun\0a2654dba651453bba0e5aacd81f86e5.SC2Replay
65,iGXiGua,66,11350,84,Z,1,replays/1stRun\0a2654dba651453bba0e5aacd81f86e5.SC2Replay
66,HaPe,25,550,4,P,1,replays/1stRun\0a3222d3532e49a5b350a715b7e1dd41.SC2Replay
67,WhiteWolf,22,400,7,T,0,replays/1stRun\0a3222d3532e49a5b350a715b7e1dd41.SC2Replay
68,PandaBearMe,25,1575,33,Z,1,replays/1stRun\0a3a125d7c7a4fdc8f3e8c231bcd574d.SC2Replay
69,Livibee,32,1175,20,Z,0,replays/1stRun\0a3a125d7c7a4fdc8f3e8c231bcd574d.SC2Replay
70,PtitDrogo,52,2050,8,P,1,replays/1stRun\0a3f679d3f764ba5bcace0cc212283f6.SC2Replay
71,Zanster,54,5600,56,Z,0,replays/1stRun\0a3f679d3f764ba5bcace0cc212283f6.SC2Replay
72,Semper,70,2800,37,T,1,replays/1stRun\0a4018f1fd1c4bbebe7ade69b266ad3e.SC2Replay
73,GAMETIME,68,4375,75,Z,0,replays/1stRun\0a4018f1fd1c4bbebe7ade69b266ad3e.SC2Replay
74,MaNa,68,1050,5,P,1,replays/1stRun\0a5d5a0d30434374a8b68439eb77e8e6.SC2Replay
75,Semper,53,2550,29,T,0,replays/1stRun\0a5d5a0d30434374a8b68439eb77e8e6.SC2Replay
76,Happy,50,5500,58,T,1,replays/1stRun\0a854a4e213c4aefbc29847a7a7e4154.SC2Replay
77,LiquidSnute,59,5650,77,Z,0,replays/1stRun\0a854a4e213c4aefbc29847a7a7e4154.SC2Replay
78,Serral,64,2375,41,Z,1,replays/1stRun\0a88e261c0b24c69aff1f4cc03c48ca3.SC2Replay
79,PiLiPiLi,60,875,4,P,0,replays/1stRun\0a88e261c0b24c69aff1f4cc03c48ca3.SC2Replay
80,LiquidMaNa,26,800,5,P,1,replays/1stRun\0a9d58a1fbdb4e0fbcb97c05931e702c.SC2Replay
81,PiLiPiLi,22,600,4,P,0,replays/1stRun\0a9d58a1fbdb4e0fbcb97c05931e702c.SC2Replay
82,Bunny,49,6250,68,T,0,replays/1stRun\0aaa41bfcbc842e0aa07d54903e047ac.SC2Replay
83,OGZest,67,2075,9,P,1,replays/1stRun\0aaa41bfcbc842e0aa07d54903e047ac.SC2Replay
84,Reynor,63,4175,74,Z,1,replays/1stRun\0ad6212af6f4421bb1a57416f5e18260.SC2Replay
85,TIME,55,3250,44,T,0,replays/1stRun\0ad6212af6f4421bb1a57416f5e18260.SC2Replay
86,Lambo,53,2600,41,Z,1,replays/1stRun\0af524f25d0e4b52bd627d174689901f.SC2Replay
87,Torkk,46,700,4,P,0,replays/1stRun\0af524f25d0e4b52bd627d174689901f.SC2Replay
88,Neeb,67,2150,6,P,1,replays/1stRun\0afe83b7e09c4dca8dbba36e6e9a26b0.SC2Replay
89,Reynor,63,4625,52,Z,0,replays/1stRun\0afe83b7e09c4dca8dbba36e6e9a26b0.SC2Replay
90,AdminA,52,875,5,P,1,replays/1stRun\0aff07944d6947278b242fbe4c5336c5.SC2Replay
91,ObiWanPwnobi,48,3825,12,P,0,replays/1stRun\0aff07944d6947278b242fbe4c5336c5.SC2Replay
92,Serral,80,8725,56,Z,1,replays/1stRun\0b0f556784fe4a3fa28de5e252f5685d.SC2Replay
93,MaNa,79,5425,19,P,0,replays/1stRun\0b0f556784fe4a3fa28de5e252f5685d.SC2Replay
94,Scarlett,68,3600,39,Z,0,replays/1stRun\0b1e09198950470dbaab56854929ac00.SC2Replay
95,Serral,68,3325,38,Z,1,replays/1stRun\0b1e09198950470dbaab56854929ac00.SC2Replay
96,Scarlett,24,650,12,Z,1,replays/1stRun\0b266ab152d046be92550a6df6df6aa0.SC2Replay
97,DnS,28,250,2,P,0,replays/1stRun\0b266ab152d046be92550a6df6df6aa0.SC2Replay
98,Cham,48,4725,67,Z,0,replays/1stRun\0b26e7b216f449bfb8735bc1f7beeadb.SC2Replay
99,PiLiPiLi,45,400,2,P,1,replays/1stRun\0b26e7b216f449bfb8735bc1f7beeadb.SC2Replay
100,Lambo,73,2725,36,Z,1,replays/1stRun\0b2926a7cdb146bba48e5176402d0790.SC2Replay
101,Bones,55,2225,8,P,0,replays/1stRun\0b2926a7cdb146bba48e5176402d0790.SC2Replay
102,DnS,70,5350,16,P,1,replays/1stRun\0b2e9b831cdf46859370954c55e258ed.SC2Replay
103,Zanster,76,8325,129,Z,0,replays/1stRun\0b2e9b831cdf46859370954c55e258ed.SC2Replay
104,Lambo,66,5675,50,Z,1,replays/1stRun\0b310b46c51b439da97779557703426e.SC2Replay
105,lllIIIIllll,61,1550,6,P,0,replays/1stRun\0b310b46c51b439da97779557703426e.SC2Replay
106,TYTY,42,1500,16,T,1,replays/1stRun\0b40bd2bdec9459a8f7e9153079c5f42.SC2Replay
107,Stats,48,650,5,P,0,replays/1stRun\0b40bd2bdec9459a8f7e9153079c5f42.SC2Replay
108,HeroMarine,81,7600,43,T,1,replays/1stRun\0b46816a2e5e4d518be0ddf2bae77fc8.SC2Replay
109,Reynor,81,11700,138,Z,0,replays/1stRun\0b46816a2e5e4d518be0ddf2bae77fc8.SC2Replay
110,Ziggy,23,500,5,T,1,replays/1stRun\0b643223129f45ecb5404f1ede4d3600.SC2Replay
111,Allaryce,21,700,9,Z,0,replays/1stRun\0b643223129f45ecb5404f1ede4d3600.SC2Replay
112,HuK,66,3825,13,P,1,replays/1stRun\0b72ed592d3e450f9ae225bd66ba9349.SC2Replay
113,PiG,81,7375,77,Z,0,replays/1stRun\0b72ed592d3e450f9ae225bd66ba9349.SC2Replay
114,TIME,26,1000,12,T,1,replays/1stRun\0ba886233be243c0be4c89073a24053e.SC2Replay
115,iGJim,36,750,4,P,0,replays/1stRun\0ba886233be243c0be4c89073a24053e.SC2Replay
116,Kelazhur,66,6200,82,T,1,replays/1stRun\0bae1323a48944abb93ea9bafc089bf3.SC2Replay
117,Nerchio,79,6650,80,Z,0,replays/1stRun\0bae1323a48944abb93ea9bafc089bf3.SC2Replay
118,Bails,35,1250,9,P,0,replays/1stRun\0bbceacbad5c45d29d7da553166c0576.SC2Replay
119,viOLet,44,1275,21,Z,1,replays/1stRun\0bbceacbad5c45d29d7da553166c0576.SC2Replay
120,Sen,74,9500,71,Z,1,replays/1stRun\0bf0faa7167640ab870cced41eec1d5f.SC2Replay
121,Rex,57,10300,85,Z,0,replays/1stRun\0bf0faa7167640ab870cced41eec1d5f.SC2Replay
122,GOStephano,48,2550,38,Z,1,replays/1stRun\0bf108f528dc41e19d0a3180e73e7464.SC2Replay
123,Clem,36,1200,18,T,0,replays/1stRun\0bf108f528dc41e19d0a3180e73e7464.SC2Replay
124,Bly,72,7675,56,Z,1,replays/1stRun\0c1b809041c84eaeadbc577fa77dd088.SC2Replay
125,DeMusliM,60,5675,29,T,0,replays/1stRun\0c1b809041c84eaeadbc577fa77dd088.SC2Replay
126,Elazer,53,5675,53,Z,1,replays/1stRun\0c28621f56e645069d007f4fec9eda07.SC2Replay
127,MacSed,60,1625,8,P,0,replays/1stRun\0c28621f56e645069d007f4fec9eda07.SC2Replay
128,Serral,26,850,8,Z,1,replays/1stRun\0c2a28b6e7f44a7c96723532ad582aa8.SC2Replay
129,Elazer,14,1350,32,Z,0,replays/1stRun\0c2a28b6e7f44a7c96723532ad582aa8.SC2Replay
130,Kozan,50,2600,34,T,0,replays/1stRun\0c2c2182c5b94ad6b41d0c7a1e4e99e6.SC2Replay
131,Stephano,56,4325,84,Z,1,replays/1stRun\0c2c2182c5b94ad6b41d0c7a1e4e99e6.SC2Replay
132,Nerchio,63,8750,68,Z,1,replays/1stRun\0c33faac26dc4d77a943d39face7aa6c.SC2Replay
133,HuK,63,3300,12,P,0,replays/1stRun\0c33faac26dc4d77a943d39face7aa6c.SC2Replay
134,Scarlett,59,3100,33,Z,0,replays/1stRun\0c4684f2ad5c453d9b76f535acce69de.SC2Replay
135,Serral,68,3525,31,Z,1,replays/1stRun\0c4684f2ad5c453d9b76f535acce69de.SC2Replay
136,Neeb,39,1475,7,P,0,replays/1stRun\0c5ec7ef37ff435884bcb01d294e0baa.SC2Replay
137,Semper,45,1700,20,T,1,replays/1stRun\0c5ec7ef37ff435884bcb01d294e0baa.SC2Replay
138,Warren,46,2450,36,Z,0,replays/1stRun\0c68c1b99c6346039c3900c63ca8ba42.SC2Replay
139,FeaR,51,650,4,P,1,replays/1stRun\0c68c1b99c6346039c3900c63ca8ba42.SC2Replay
140,SouLeer,60,4650,40,Z,0,replays/1stRun\0c75f3c15b7542d8b4098973f3a05f5c.SC2Replay
141,llllllllllll,56,1550,6,P,1,replays/1stRun\0c75f3c15b7542d8b4098973f3a05f5c.SC2Replay
142,Zest,65,5550,21,P,0,replays/1stRun\0c82bae763c14d4c82649074195f5b9f.SC2Replay
143,Solar,67,10200,92,Z,1,replays/1stRun\0c82bae763c14d4c82649074195f5b9f.SC2Replay
144,MaSa,20,200,2,T,1,replays/1stRun\0c836ca5710a47cfb8c58eb6f9690753.SC2Replay
145,SirRobin,21,200,2,Z,0,replays/1stRun\0c836ca5710a47cfb8c58eb6f9690753.SC2Replay
146,CMStormPolt,41,2250,31,T,1,replays/1stRun\0c9cc58ddec647d190f7f39c706b8c96.SC2Replay
147,viOLet,54,4300,55,Z,0,replays/1stRun\0c9cc58ddec647d190f7f39c706b8c96.SC2Replay
148,Ziggy,50,4050,62,T,0,replays/1stRun\0c9fb18d1c914bc6bf75146063b43506.SC2Replay
149,Zanster,68,6800,106,Z,1,replays/1stRun\0c9fb18d1c914bc6bf75146063b43506.SC2Replay
150,Hymy,75,3125,10,P,1,replays/1stRun\0ca04ff7659941b19c2d647d393d0a52.SC2Replay
151,ZergGirl,82,9075,89,Z,0,replays/1stRun\0ca04ff7659941b19c2d647d393d0a52.SC2Replay
152,puCK,56,1075,5,P,1,replays/1stRun\0cbd28b4a7994958809e14e72f9f03d2.SC2Replay
153,MaSa,51,4875,46,T,0,replays/1stRun\0cbd28b4a7994958809e14e72f9f03d2.SC2Replay
154,DnS,29,525,3,P,1,replays/1stRun\0cc3a0a45d9d4d7982241f86f57b0192.SC2Replay
155,Future,26,450,3,T,0,replays/1stRun\0cc3a0a45d9d4d7982241f86f57b0192.SC2Replay
156,uThermal,67,1650,9,T,1,replays/1stRun\0ccd5ece04df40909c045bf854251e62.SC2Replay
157,Nerchio,68,3250,30,Z,0,replays/1stRun\0ccd5ece04df40909c045bf854251e62.SC2Replay
158,Harstem,77,1625,7,P,1,replays/1stRun\0cd9a7425f2546eba57471bb1091b083.SC2Replay
159,GOStephano,64,9075,150,Z,0,replays/1stRun\0cd9a7425f2546eba57471bb1091b083.SC2Replay
160,liquidthermy,41,1650,14,T,1,replays/1stRun\0cddc0a09fe04d0b8de5f19ba922474f.SC2Replay
161,RlSky,52,2475,36,Z,0,replays/1stRun\0cddc0a09fe04d0b8de5f19ba922474f.SC2Replay
162,LiquidSnute,49,1900,27,Z,0,replays/1stRun\0ced84a2f50a46fda611f657ae8a6723.SC2Replay
163,FanTaSy,40,1500,15,T,1,replays/1stRun\0ced84a2f50a46fda611f657ae8a6723.SC2Replay
164,Bly,70,4500,45,Z,0,replays/1stRun\0cf9fe5c2a6349d4ac669583532a6e26.SC2Replay
165,SpeCial,67,4350,48,T,1,replays/1stRun\0cf9fe5c2a6349d4ac669583532a6e26.SC2Replay
166,TRUE,58,4925,72,Z,0,replays/1stRun\0d0465cd596544d2bd79e5dbbefd410a.SC2Replay
167,PiLiPiLi,48,1650,8,P,1,replays/1stRun\0d0465cd596544d2bd79e5dbbefd410a.SC2Replay
168,Kelazhur,60,3300,39,T,1,replays/1stRun\0d1eabc153d044009d80f17c4341b8ff.SC2Replay
169,Bistork,58,3200,16,P,0,replays/1stRun\0d1eabc153d044009d80f17c4341b8ff.SC2Replay
170,aLive,55,2450,29,T,1,replays/1stRun\0d2918aed9ea41edb56740fdddf5a392.SC2Replay
171,Stats,61,2375,10,P,0,replays/1stRun\0d2918aed9ea41edb56740fdddf5a392.SC2Replay
172,PtitDrogo,47,1925,9,P,1,replays/1stRun\0d2ce362692c437d96b7855e7c638d62.SC2Replay
173,Creature,46,1775,9,P,0,replays/1stRun\0d2ce362692c437d96b7855e7c638d62.SC2Replay
174,Solar,50,1625,21,Z,1,replays/1stRun\0d3265503b894f6cb9fe69fea7b834f7.SC2Replay
175,Snute,37,1650,23,Z,0,replays/1stRun\0d3265503b894f6cb9fe69fea7b834f7.SC2Replay
176,BAILS,43,1900,8,P,0,replays/1stRun\0d5fe948df28477baea2253d9240af64.SC2Replay
177,Harstem,43,1900,7,P,1,replays/1stRun\0d5fe948df28477baea2253d9240af64.SC2Replay
178,Neeb,35,425,2,P,0,replays/1stRun\0d72a5498e2f4b509bd494a0e35a78b8.SC2Replay
179,Semper,29,550,9,T,1,replays/1stRun\0d72a5498e2f4b509bd494a0e35a78b8.SC2Replay
180,Kelazhur,33,1850,15,T,1,replays/1stRun\0d7dd4924c304393b3d1c05ce25a02d9.SC2Replay
181,Optimus,29,1775,14,T,0,replays/1stRun\0d7dd4924c304393b3d1c05ce25a02d9.SC2Replay
182,iaguz,42,1175,12,T,0,replays/1stRun\0d89d0b8db504a9284dc966f39227ed8.SC2Replay
183,TooDming,53,3175,33,Z,1,replays/1stRun\0d89d0b8db504a9284dc966f39227ed8.SC2Replay
184,JJAKJI,28,750,5,T,1,replays/1stRun\0d940d9f79c74c0490e59b289e01f3e7.SC2Replay
185,PtitDrogo,25,575,4,P,0,replays/1stRun\0d940d9f79c74c0490e59b289e01f3e7.SC2Replay
186,RAIL,36,725,4,P,0,replays/1stRun\0d94a3d70d1c43398a5a716947816ccc.SC2Replay
187,INnoVation,32,500,9,T,1,replays/1stRun\0d94a3d70d1c43398a5a716947816ccc.SC2Replay
188,Solar,62,10600,93,Z,1,replays/1stRun\0dd49187d0e2460d950aa164b407dad0.SC2Replay
189,LiquidSnute,55,10400,111,Z,0,replays/1stRun\0dd49187d0e2460d950aa164b407dad0.SC2Replay
190,SpeCial,52,2700,16,T,1,replays/1stRun\0df45e484df145619517cd9c2f9c7ce8.SC2Replay
191,Pokebunny,46,2225,20,T,0,replays/1stRun\0df45e484df145619517cd9c2f9c7ce8.SC2Replay
192,ByuN,47,2450,30,T,1,replays/1stRun\0dffaad1493241d3a281cbd1085c3bb6.SC2Replay
193,Soulkey,52,2050,30,Z,0,replays/1stRun\0dffaad1493241d3a281cbd1085c3bb6.SC2Replay
194,HuT,44,1450,14,T,1,replays/1stRun\0e2338c624454da8b5e2c801f71ff31f.SC2Replay
195,JonSnow,48,2550,40,Z,0,replays/1stRun\0e2338c624454da8b5e2c801f71ff31f.SC2Replay
196,HeroMarine,71,5800,72,T,0,replays/1stRun\0e24123d059c4f6ab4c4455d2e6bfeb3.SC2Replay
197,OGZest,72,2225,9,P,1,replays/1stRun\0e24123d059c4f6ab4c4455d2e6bfeb3.SC2Replay
198,LiquidSnute,53,9125,82,Z,1,replays/1stRun\0e2710bb268c4bb885039ade0d9ee418.SC2Replay
199,Serral,52,6300,55,Z,0,replays/1stRun\0e2710bb268c4bb885039ade0d9ee418.SC2Replay
200,ShoWTimE,46,2675,12,P,0,replays/1stRun\0e30458f045c4b169de43b64457fb061.SC2Replay
201,HellraiseR,47,650,4,P,1,replays/1stRun\0e30458f045c4b169de43b64457fb061.SC2Replay
202,aLive,53,3350,39,T,0,replays/1stRun\0e36f4a6e32641d28fcd3d12e1b956d8.SC2Replay
203,Stats,61,900,5,P,1,replays/1stRun\0e36f4a6e32641d28fcd3d12e1b956d8.SC2Replay
204,Lighting,25,2075,12,P,0,replays/1stRun\0e5d574f4b87421e801df5b16871054f.SC2Replay
205,Kozan,37,2675,21,T,1,replays/1stRun\0e5d574f4b87421e801df5b16871054f.SC2Replay
206,Nerchio,49,1450,20,Z,0,replays/1stRun\0e6587432a264f3896bf58571a786429.SC2Replay
207,Neeb,46,850,4,P,1,replays/1stRun\0e6587432a264f3896bf58571a786429.SC2Replay
208,Scarlett,20,900,17,Z,1,replays/1stRun\0e9e1d7f37444acb8bd7ab63e7e5c757.SC2Replay
209,DnS,28,175,1,P,0,replays/1stRun\0e9e1d7f37444acb8bd7ab63e7e5c757.SC2Replay
210,PtitDrogo,53,1000,5,P,0,replays/1stRun\0ebaad07a1bc477aa4b5f5d8bd1672c2.SC2Replay
211,soO,51,2125,30,Z,1,replays/1stRun\0ebaad07a1bc477aa4b5f5d8bd1672c2.SC2Replay
212,State,45,2875,9,P,1,replays/1stRun\0f15df14030a4c1c877299cec2ae5dff.SC2Replay
213,intense,50,1950,22,T,0,replays/1stRun\0f15df14030a4c1c877299cec2ae5dff.SC2Replay
214,Dark,50,5450,51,Z,1,replays/1stRun\0f253a827e5040928bc8f80d8d739d3c.SC2Replay
215,Drager,45,1200,5,P,0,replays/1stRun\0f253a827e5040928bc8f80d8d739d3c.SC2Replay
216,Neeb,34,375,3,P,0,replays/1stRun\0f63238637cf4e3a9acd52fae8a5076d.SC2Replay
217,SpeCial,28,400,6,T,1,replays/1stRun\0f63238637cf4e3a9acd52fae8a5076d.SC2Replay
218,Harstem,71,1950,7,P,0,replays/1stRun\0f671bd021f647ee9119c84582e19e53.SC2Replay
219,Serral,78,6800,91,Z,1,replays/1stRun\0f671bd021f647ee9119c84582e19e53.SC2Replay
220,Serral,57,10525,89,Z,1,replays/1stRun\0f6b288e431a4ac5a2f68eb9a66935ac.SC2Replay
221,soO,56,10750,90,Z,0,replays/1stRun\0f6b288e431a4ac5a2f68eb9a66935ac.SC2Replay
222,DisK,44,800,4,P,1,replays/1stRun\0f8e0e316059402da1f06b9c18c17904.SC2Replay
223,Mackintac,42,4300,56,Z,0,replays/1stRun\0f8e0e316059402da1f06b9c18c17904.SC2Replay
224,LiquidMaNa,38,825,4,P,1,replays/1stRun\0f8f0d8b7ba743018f419886c7493ebf.SC2Replay
225,Optimus,31,800,8,T,0,replays/1stRun\0f8f0d8b7ba743018f419886c7493ebf.SC2Replay
226,TLO,27,2600,53,Z,0,replays/1stRun\0f9b3a5f1c684978a107ffade17db211.SC2Replay
227,Has,30,550,4,P,1,replays/1stRun\0f9b3a5f1c684978a107ffade17db211.SC2Replay
228,soO,62,9625,85,Z,1,replays/1stRun\0fa0051b34c644df96fefd062fb0c3f8.SC2Replay
229,Solar,64,9750,95,Z,0,replays/1stRun\0fa0051b34c644df96fefd062fb0c3f8.SC2Replay
230,HuT,43,2675,33,T,0,replays/1stRun\0fcf5996c8bc4ff9a71622c69c102a84.SC2Replay
231,JonSnow,69,5075,48,Z,1,replays/1stRun\0fcf5996c8bc4ff9a71622c69c102a84.SC2Replay
232,Elazer,61,6025,79,Z,1,replays/1stRun\0fd474797c424ccdb4df3cec2c123623.SC2Replay
233,Patience,50,875,4,P,0,replays/1stRun\0fd474797c424ccdb4df3cec2c123623.SC2Replay
234,souL,71,4025,47,T,0,replays/1stRun\0fdee4637dbb4a17acbc3e9835d8b534.SC2Replay
235,Elazer,75,6825,116,Z,1,replays/1stRun\0fdee4637dbb4a17acbc3e9835d8b534.SC2Replay
236,niceq,28,1000,11,T,0,replays/1stRun\0fe2a96b84dc42e5bf901ad67a985d8a.SC2Replay
237,Malcolm,19,1850,32,Z,1,replays/1stRun\0fe2a96b84dc42e5bf901ad67a985d8a.SC2Replay
238,Harstem,46,725,4,P,0,replays/1stRun\0ff657183bb34150854ecfe655e38b86.SC2Replay
239,AxImpact,56,2150,17,Z,1,replays/1stRun\0ff657183bb34150854ecfe655e38b86.SC2Replay
240,SortOf,35,1600,31,Z,0,replays/1stRun\1a0af55adcb744e3968663a465c3aaf9.SC2Replay
241,Serral,32,1375,24,Z,1,replays/1stRun\1a0af55adcb744e3968663a465c3aaf9.SC2Replay
242,Serral,19,300,3,Z,0,replays/1stRun\1a207e2a9b944560866da53d93fa0674.SC2Replay
243,Lambo,15,700,14,Z,1,replays/1stRun\1a207e2a9b944560866da53d93fa0674.SC2Replay
244,Neeb,73,1775,8,P,1,replays/1stRun\1a34503018584dc491ca05c23b419496.SC2Replay
245,soul,60,4350,43,T,0,replays/1stRun\1a34503018584dc491ca05c23b419496.SC2Replay
246,MightyKiwi,58,5325,48,Z,1,replays/1stRun\1a41695c48884c1dbc9ea046f30474aa.SC2Replay
247,BackupA,56,400,2,P,0,replays/1stRun\1a41695c48884c1dbc9ea046f30474aa.SC2Replay
248,LiquidSnute,12,100,1,Z,1,replays/1stRun\1a4e4b267724440bab882e528599274a.SC2Replay
249,NWDragon,12,0,0,T,0,replays/1stRun\1a4e4b267724440bab882e528599274a.SC2Replay
250,Words,53,2725,34,T,0,replays/1stRun\1a82d49d66144262bbccfb5f007d2ab8.SC2Replay
251,SirRobin,74,3975,59,Z,1,replays/1stRun\1a82d49d66144262bbccfb5f007d2ab8.SC2Replay
252,Dayshi,57,4625,49,T,1,replays/1stRun\1abd993aa5f64dd89521a9773324afa5.SC2Replay
253,PiLiPiLi,57,1450,6,P,0,replays/1stRun\1abd993aa5f64dd89521a9773324afa5.SC2Replay
254,GOStephano,61,9650,155,Z,0,replays/1stRun\1ac58291062747979a6a61389e275401.SC2Replay
255,HellraiseR,70,2875,10,P,1,replays/1stRun\1ac58291062747979a6a61389e275401.SC2Replay
256,iGMacSed,51,1100,6,P,0,replays/1stRun\1acd1cdf09e84c899e76c7fd768f470f.SC2Replay
257,Scarlett,65,2475,25,Z,1,replays/1stRun\1acd1cdf09e84c899e76c7fd768f470f.SC2Replay
258,Neeb,42,475,3,P,0,replays/1stRun\1b10b8bc328b4811813d5e01eaceb60b.SC2Replay
259,uThermal,47,650,10,T,1,replays/1stRun\1b10b8bc328b4811813d5e01eaceb60b.SC2Replay
260,HeltEn,40,1500,23,T,1,replays/1stRun\1b19043758be42e3bf256c1d03061f22.SC2Replay
261,FoolOfaTook,44,2500,52,Z,0,replays/1stRun\1b19043758be42e3bf256c1d03061f22.SC2Replay
262,Nerchio,37,3800,29,Z,1,replays/1stRun\1b2d40bd7b9d4212a92a8638ee354745.SC2Replay
263,Zanster,27,2200,20,Z,0,replays/1stRun\1b2d40bd7b9d4212a92a8638ee354745.SC2Replay
264,Harstem,50,1425,7,P,1,replays/1stRun\1b3761cc7d6c404e9edc35124e98a834.SC2Replay
265,CatZ,48,2300,35,Z,0,replays/1stRun\1b3761cc7d6c404e9edc35124e98a834.SC2Replay
266,uThermal,61,3150,40,T,1,replays/1stRun\1b66d949d82c4ff5a456cc93b9d221e6.SC2Replay
267,ShoWTimE,59,1575,10,P,0,replays/1stRun\1b66d949d82c4ff5a456cc93b9d221e6.SC2Replay
268,Raze,60,1400,6,P,0,replays/1stRun\1bbda6cb66474f16990ca37274f4e94e.SC2Replay
269,Clem,46,3050,37,T,1,replays/1stRun\1bbda6cb66474f16990ca37274f4e94e.SC2Replay
270,GOStephano,43,9750,86,Z,0,replays/1stRun\1c0ec352f911417dae4122ba79d55af6.SC2Replay
271,Lambo,47,10850,90,Z,1,replays/1stRun\1c0ec352f911417dae4122ba79d55af6.SC2Replay
272,PtitDrogo,20,0,0,P,0,replays/1stRun\1c4d9cf9acc342e59425bafc68fa1a85.SC2Replay
273,Daydreamer,16,0,0,P,1,replays/1stRun\1c4d9cf9acc342e59425bafc68fa1a85.SC2Replay
274,CMStormPolt,54,1550,22,T,0,replays/1stRun\1c6aec5dca4c43c98139fdb25708b580.SC2Replay
275,Lambo,66,3475,34,Z,1,replays/1stRun\1c6aec5dca4c43c98139fdb25708b580.SC2Replay
276,Harstem,23,1150,7,P,1,replays/1stRun\1c8d9376e9b742dda20fe1b55c020398.SC2Replay
277,TheoRy,27,450,3,P,0,replays/1stRun\1c8d9376e9b742dda20fe1b55c020398.SC2Replay
278,Namshar,52,2650,48,Z,1,replays/1stRun\1c99d9883ee24295978bbc1aa1b8f42f.SC2Replay
279,ShoWTimE,52,1775,9,P,0,replays/1stRun\1c99d9883ee24295978bbc1aa1b8f42f.SC2Replay
280,Kelazhur,57,2000,25,T,1,replays/1stRun\1c9cd774e5d6456a815c3f2cfd2e34f5.SC2Replay
281,SortOf,65,2225,28,Z,0,replays/1stRun\1c9cd774e5d6456a815c3f2cfd2e34f5.SC2Replay
282,Hydra,68,5875,61,Z,1,replays/1stRun\1cb1de799b5b4f25b8655046b1ca32be.SC2Replay
283,Neeb,68,3500,15,P,0,replays/1stRun\1cb1de799b5b4f25b8655046b1ca32be.SC2Replay
284,Nerchio,33,1150,24,Z,0,replays/1stRun\1cb6660332d440739e4b08c58d95d5a1.SC2Replay
285,viOLet,29,1275,29,Z,1,replays/1stRun\1cb6660332d440739e4b08c58d95d5a1.SC2Replay
286,iGXiGua,17,725,12,Z,0,replays/1stRun\1cd389ebb208439b93fb9e168725dee0.SC2Replay
287,ZooWhaleTail,13,1125,23,Z,1,replays/1stRun\1cd389ebb208439b93fb9e168725dee0.SC2Replay
288,Serral,69,17500,113,Z,1,replays/1stRun\1cd8cd4dd3b44769bf788d1e1b8c7ff3.SC2Replay
289,TYTY,108,5850,35,T,0,replays/1stRun\1cd8cd4dd3b44769bf788d1e1b8c7ff3.SC2Replay
290,Dolan,26,450,4,T,1,replays/1stRun\1ce61a59e12348938a6d8dfdef368b16.SC2Replay
291,mLty,22,100,1,T,0,replays/1stRun\1ce61a59e12348938a6d8dfdef368b16.SC2Replay
292,PtitDrogo,60,1350,6,P,0,replays/1stRun\1ced77f0f837453780cf1a509756cb59.SC2Replay
293,Elazer,69,3750,37,Z,1,replays/1stRun\1ced77f0f837453780cf1a509756cb59.SC2Replay
294,iGJim,41,850,6,P,0,replays/1stRun\1d35869445214c448e6d743d146b81ed.SC2Replay
295,iGXY,36,1350,19,T,0,replays/1stRun\1d35869445214c448e6d743d146b81ed.SC2Replay
296,三族统领随机娜,0,0,0,U,0,replays/1stRun\1d35869445214c448e6d743d146b81ed.SC2Replay
297,iGRushcrazy,0,0,0,U,0,replays/1stRun\1d35869445214c448e6d743d146b81ed.SC2Replay
298,Petraeus,29,1500,30,Z,1,replays/1stRun\1d3f744391cf41b1969585894d7e618e.SC2Replay
299,PiG,28,1525,23,Z,0,replays/1stRun\1d3f744391cf41b1969585894d7e618e.SC2Replay
300,Ziggy,63,7200,99,T,0,replays/1stRun\1d4bb634294445558b8a83d52f02a799.SC2Replay
301,Matiz,78,11775,188,Z,1,replays/1stRun\1d4bb634294445558b8a83d52f02a799.SC2Replay
302,ShoWTimE,24,1025,6,P,0,replays/1stRun\1d4d9bc182074c09a172e3113bacf302.SC2Replay
303,HellraiseR,28,1125,6,P,1,replays/1stRun\1d4d9bc182074c09a172e3113bacf302.SC2Replay
304,Has,27,450,3,P,0,replays/1stRun\1d61279d8f2b4aad97498df2bff66547.SC2Replay
305,FireCake,22,825,18,Z,1,replays/1stRun\1d61279d8f2b4aad97498df2bff66547.SC2Replay
306,HeRoMaRinE,61,2750,25,T,1,replays/1stRun\1d90500a455e49ddb84ef9df7ffd8f6c.SC2Replay
307,MMA,58,3675,34,T,0,replays/1stRun\1d90500a455e49ddb84ef9df7ffd8f6c.SC2Replay
308,eonblu,31,900,8,Z,0,replays/1stRun\1d94bb56a52e485a9ee986c979dcc904.SC2Replay
309,TYTY,28,450,6,T,1,replays/1stRun\1d94bb56a52e485a9ee986c979dcc904.SC2Replay
310,SortOf,69,3975,53,Z,0,replays/1stRun\1d9b64ba1e2a418c9b6f12f426a6b098.SC2Replay
311,Lilbow,61,300,2,P,1,replays/1stRun\1d9b64ba1e2a418c9b6f12f426a6b098.SC2Replay
312,harstem,75,8090,75,P,1,replays/1stRun\1da98b12f5184c9fae0d8f2e7caf19cd.SC2Replay
313,Denver,64,11675,89,Z,0,replays/1stRun\1da98b12f5184c9fae0d8f2e7caf19cd.SC2Replay
314,Kelazhur,46,925,11,T,1,replays/1stRun\1dbbb35390c04fce89aca9353aabddb6.SC2Replay
315,Nerchio,52,1900,13,Z,0,replays/1stRun\1dbbb35390c04fce89aca9353aabddb6.SC2Replay
316,Elazer,65,4950,47,Z,1,replays/1stRun\1e18c16aa46d4385985a8f047d8de949.SC2Replay
317,Namshar,68,3900,37,Z,0,replays/1stRun\1e18c16aa46d4385985a8f047d8de949.SC2Replay
318,Elazer,47,4150,73,Z,0,replays/1stRun\1e444807f6f64e4890862cb3ecea573d.SC2Replay
319,Scarlett,46,3375,36,Z,1,replays/1stRun\1e444807f6f64e4890862cb3ecea573d.SC2Replay
320,RiSky,81,6300,53,Z,1,replays/1stRun\1e4a3cfef7ae45e58cc705317f0efd03.SC2Replay
321,Drager,66,4775,18,P,0,replays/1stRun\1e4a3cfef7ae45e58cc705317f0efd03.SC2Replay
322,MaSa,44,1550,25,T,1,replays/1stRun\1e4af065e15f4cb8ae262f53b42bb8cd.SC2Replay
323,SirRobin,54,1925,24,Z,0,replays/1stRun\1e4af065e15f4cb8ae262f53b42bb8cd.SC2Replay
324,LiquidSnute,63,9400,199,Z,1,replays/1stRun\1e4fd9e70cf14f999ac2ba8a0f88267f.SC2Replay
325,JJAKJI,69,7900,92,T,0,replays/1stRun\1e4fd9e70cf14f999ac2ba8a0f88267f.SC2Replay
326,aAaMiNiMaTh,69,10175,88,Z,0,replays/1stRun\1e6b314a4b0f4f639a5b552f491c3570.SC2Replay
327,qbeN,74,2700,8,P,1,replays/1stRun\1e6b314a4b0f4f639a5b552f491c3570.SC2Replay
328,SpeCial,45,1275,14,T,1,replays/1stRun\1e8636d151df4b9cbe55b5fd9480e58e.SC2Replay
329,Crimson,40,2550,22,Z,0,replays/1stRun\1e8636d151df4b9cbe55b5fd9480e58e.SC2Replay
330,Neuro,19,650,12,Z,0,replays/1stRun\1e88354516274132afee0e93d451af91.SC2Replay
331,daydrA,21,950,16,Z,1,replays/1stRun\1e88354516274132afee0e93d451af91.SC2Replay
332,BLY,59,6750,55,Z,1,replays/1stRun\1e975f3a076240a29be9ca952fa0eaa0.SC2Replay
333,LiquidSnute,78,4600,39,Z,0,replays/1stRun\1e975f3a076240a29be9ca952fa0eaa0.SC2Replay
334,SpeCial,63,3575,45,T,1,replays/1stRun\1ebc123279f24fb1b82a96a7fa148c33.SC2Replay
335,Crimson,66,4250,73,Z,0,replays/1stRun\1ebc123279f24fb1b82a96a7fa148c33.SC2Replay
336,doudou,69,4725,58,T,0,replays/1stRun\1ecdae615d8b488aaceb098e50962b80.SC2Replay
337,Psmoonsun,69,6125,25,P,0,replays/1stRun\1ecdae615d8b488aaceb098e50962b80.SC2Replay
338,PsRush,0,0,0,U,0,replays/1stRun\1ecdae615d8b488aaceb098e50962b80.SC2Replay
339,开局要打鸡儿盒饭,0,0,0,U,0,replays/1stRun\1ecdae615d8b488aaceb098e50962b80.SC2Replay
340,iaguz,65,3975,51,T,1,replays/1stRun\1ed8b67104194ffdbc124c9387d4ee77.SC2Replay
341,TooDming,78,3550,56,Z,0,replays/1stRun\1ed8b67104194ffdbc124c9387d4ee77.SC2Replay
342,Bunny,52,850,7,T,1,replays/1stRun\1eddbeb4741f409b8fcb2f6247f1c3ad.SC2Replay
343,YoGo,34,2675,51,Z,0,replays/1stRun\1eddbeb4741f409b8fcb2f6247f1c3ad.SC2Replay
344,ZhuGeLiang,48,2350,43,Z,1,replays/1stRun\1edf7ec6a2b54990b5db82fabac72afa.SC2Replay
345,HuShang,46,525,3,P,0,replays/1stRun\1edf7ec6a2b54990b5db82fabac72afa.SC2Replay
346,PandaBearMe,32,1275,22,Z,1,replays/1stRun\1ee8b1d201b245b2bd3b66f083c05217.SC2Replay
347,Livibee,31,900,11,Z,0,replays/1stRun\1ee8b1d201b245b2bd3b66f083c05217.SC2Replay
348,Elazer,41,5125,66,Z,1,replays/1stRun\1f1e5655301944fc944fdd82c431e491.SC2Replay
349,Hydra,47,3400,48,Z,0,replays/1stRun\1f1e5655301944fc944fdd82c431e491.SC2Replay
350,Nice,41,975,4,P,1,replays/1stRun\1f4f7c98f2e84270a76f429589c6dcbd.SC2Replay
351,Expect,41,750,5,T,0,replays/1stRun\1f4f7c98f2e84270a76f429589c6dcbd.SC2Replay
352,TRUE,14,1500,36,Z,1,replays/1stRun\1f5ee72f332e44a39de1ae18b2caf03a.SC2Replay
353,TLO,17,1400,29,Z,0,replays/1stRun\1f5ee72f332e44a39de1ae18b2caf03a.SC2Replay
354,liquidthermy,22,700,3,P,0,replays/1stRun\1f7c024be5a74f539ffe3ae41c1ac448.SC2Replay
355,FanTaSy,21,950,10,T,1,replays/1stRun\1f7c024be5a74f539ffe3ae41c1ac448.SC2Replay
356,SortOf,50,1800,28,Z,1,replays/1stRun\1fbef47a3d2746958b31cf243683af39.SC2Replay
357,PiLiPiLi,38,450,3,P,0,replays/1stRun\1fbef47a3d2746958b31cf243683af39.SC2Replay
358,MaSa,45,2275,23,T,0,replays/1stRun\1ff246d9ac8b4573b2e8171ff0a78f5c.SC2Replay
359,Neeb,65,1050,4,P,1,replays/1stRun\1ff246d9ac8b4573b2e8171ff0a78f5c.SC2Replay
360,Lambo,31,2525,53,Z,0,replays/1stRun\2a1af91059cb4acf982e4e9399a51c98.SC2Replay
361,TSGSolar,42,1800,36,Z,1,replays/1stRun\2a1af91059cb4acf982e4e9399a51c98.SC2Replay
362,FireCake,12,100,1,Z,0,replays/1stRun\2a27a859360c41368de7e092f0a9e422.SC2Replay
363,Polt,12,0,0,T,1,replays/1stRun\2a27a859360c41368de7e092f0a9e422.SC2Replay
364,Elazer,74,10450,86,Z,0,replays/1stRun\2a8eccd4656a4fcc80b5a047c397895c.SC2Replay
365,Serral,67,9850,85,Z,1,replays/1stRun\2a8eccd4656a4fcc80b5a047c397895c.SC2Replay
366,FireCake,35,4350,41,Z,0,replays/1stRun\2aa95638cbbb444489fc6ff677f747a4.SC2Replay
367,Polt,51,1725,18,T,1,replays/1stRun\2aa95638cbbb444489fc6ff677f747a4.SC2Replay
368,Lambo,66,4250,66,Z,1,replays/1stRun\2abab53d5a684e45b56814fa6a3dc8f8.SC2Replay
369,Harstem,64,1975,10,P,0,replays/1stRun\2abab53d5a684e45b56814fa6a3dc8f8.SC2Replay
370,Pokebunny,42,1400,13,T,0,replays/1stRun\2af9e5f6230f4e9091c7079df8b52629.SC2Replay
371,BLY,50,3375,37,Z,1,replays/1stRun\2af9e5f6230f4e9091c7079df8b52629.SC2Replay
372,HuT,71,7325,74,T,0,replays/1stRun\2afa55343f4f41ccbd1bea1f66b110c8.SC2Replay
373,JonSnow,80,7625,126,Z,1,replays/1stRun\2afa55343f4f41ccbd1bea1f66b110c8.SC2Replay
374,Serral,40,1550,25,Z,1,replays/1stRun\2afbc4f19cfd40dda6d69cea7dde0034.SC2Replay
375,soO,42,1450,21,Z,0,replays/1stRun\2afbc4f19cfd40dda6d69cea7dde0034.SC2Replay
376,ShoWTimE,23,500,3,P,0,replays/1stRun\2affedb13c2a4034b734228ec8242cdd.SC2Replay
377,Stats,28,950,4,P,1,replays/1stRun\2affedb13c2a4034b734228ec8242cdd.SC2Replay
378,Pure,40,775,5,P,0,replays/1stRun\2b170598d0854fc69035c408c2104682.SC2Replay
379,Cuddlebear,37,700,14,T,1,replays/1stRun\2b170598d0854fc69035c408c2104682.SC2Replay
380,SortOf,55,2450,38,Z,1,replays/1stRun\2b6961a7655d460484f2eb1c48d13f19.SC2Replay
381,ShahriarDeMi,41,1050,11,T,0,replays/1stRun\2b6961a7655d460484f2eb1c48d13f19.SC2Replay
382,PandaBearMe,17,850,20,Z,1,replays/1stRun\2b72aab40fa34f2caf25b635de6d18df.SC2Replay
383,Livibee,26,850,13,Z,0,replays/1stRun\2b72aab40fa34f2caf25b635de6d18df.SC2Replay
384,DnS,45,1800,7,P,1,replays/1stRun\2b8988e32e0346048fb6e69a744af7c6.SC2Replay
385,Probe,45,975,6,P,0,replays/1stRun\2b8988e32e0346048fb6e69a744af7c6.SC2Replay
386,ByuN,27,600,11,T,0,replays/1stRun\2ba02042d4ab48098294e986c3365252.SC2Replay
387,sOs,23,1050,6,P,1,replays/1stRun\2ba02042d4ab48098294e986c3365252.SC2Replay
388,Rex,57,5375,69,Z,0,replays/1stRun\2ba0efdff3d84f2a94f7f1f7b62a7ef6.SC2Replay
389,Expect,60,3500,40,T,1,replays/1stRun\2ba0efdff3d84f2a94f7f1f7b62a7ef6.SC2Replay
390,harstem,71,2850,11,P,0,replays/1stRun\2ba370c574ca4e59a28a94410e36f27a.SC2Replay
391,Denver,68,5650,52,Z,1,replays/1stRun\2ba370c574ca4e59a28a94410e36f27a.SC2Replay
392,Nerchio,28,1000,13,Z,1,replays/1stRun\2bac2fbb28ba459eb569196992acd760.SC2Replay
393,Malcolm,23,1050,12,Z,0,replays/1stRun\2bac2fbb28ba459eb569196992acd760.SC2Replay
394,PandaBearMe,67,2925,45,Z,0,replays/1stRun\2bcb2964416f4e0daa84b6c4467180c1.SC2Replay
395,SpeCial,58,3000,20,T,1,replays/1stRun\2bcb2964416f4e0daa84b6c4467180c1.SC2Replay
396,Sen,43,1150,13,Z,0,replays/1stRun\2bd1d46d43fa4239b73d92f0adcc65e9.SC2Replay
397,FWHas,44,1175,6,P,1,replays/1stRun\2bd1d46d43fa4239b73d92f0adcc65e9.SC2Replay
398,Elazer,75,2725,43,Z,0,replays/1stRun\2bd8afbb5937446dadafcb078d0832f8.SC2Replay
399,Stats,67,1850,9,P,1,replays/1stRun\2bd8afbb5937446dadafcb078d0832f8.SC2Replay
400,ShoWTimE,67,1700,7,P,0,replays/1stRun\2bdb4ddcbd47473aabf5c608226303cb.SC2Replay
401,Lambo,69,7475,59,Z,1,replays/1stRun\2bdb4ddcbd47473aabf5c608226303cb.SC2Replay
402,NWDragon,22,250,4,T,0,replays/1stRun\2bde4e669be14f7e8a54b1e38d9655b1.SC2Replay
403,Elroye,20,775,12,Z,1,replays/1stRun\2bde4e669be14f7e8a54b1e38d9655b1.SC2Replay
404,Zanster,77,12000,197,Z,1,replays/1stRun\2be864a922744b1da4527db41138ff8f.SC2Replay
405,Optimus,64,6775,79,T,0,replays/1stRun\2be864a922744b1da4527db41138ff8f.SC2Replay
406,TRUE,41,1125,15,Z,0,replays/1stRun\2c17c3e2137f413dabf93e1fa6a7087a.SC2Replay
407,Nerchio,43,1500,15,Z,1,replays/1stRun\2c17c3e2137f413dabf93e1fa6a7087a.SC2Replay
408,MaNa,50,1575,9,P,1,replays/1stRun\2c296855354c479e91e85ac83ff86107.SC2Replay
409,GuMiho,52,4025,39,T,0,replays/1stRun\2c296855354c479e91e85ac83ff86107.SC2Replay
410,PandaBearMe,74,11175,198,Z,0,replays/1stRun\2c2d4670dfb34750920df92ab440243f.SC2Replay
411,SpeCial,70,7675,93,T,1,replays/1stRun\2c2d4670dfb34750920df92ab440243f.SC2Replay
412,Nice,81,10200,29,P,0,replays/1stRun\2c2d58e059e941fcb3328f1dfd8bff3a.SC2Replay
413,Jig,76,12050,76,Z,1,replays/1stRun\2c2d58e059e941fcb3328f1dfd8bff3a.SC2Replay
414,SortOf,74,4250,64,Z,1,replays/1stRun\2c471cab402c4cb1840db077df24ad61.SC2Replay
415,AdminB,53,2100,27,T,0,replays/1stRun\2c471cab402c4cb1840db077df24ad61.SC2Replay
416,ShoWTimE,47,1250,6,P,0,replays/1stRun\2c66cfcd88de4ab8aebdd7fb8bd4803c.SC2Replay
417,Harstem,47,1925,8,P,1,replays/1stRun\2c66cfcd88de4ab8aebdd7fb8bd4803c.SC2Replay
418,Denver,46,1500,17,Z,1,replays/1stRun\2c6f50c26e954186a518bfaedd37fefb.SC2Replay
419,Hjax,46,975,4,P,0,replays/1stRun\2c6f50c26e954186a518bfaedd37fefb.SC2Replay
420,eGGz,30,625,6,Z,0,replays/1stRun\2c7d0c6b665543579b52468715bd6e11.SC2Replay
421,GogojOey,31,1050,15,Z,1,replays/1stRun\2c7d0c6b665543579b52468715bd6e11.SC2Replay
422,MaNa,77,5200,13,P,1,replays/1stRun\2c82011ef99347bba01bcf7f88ff83ad.SC2Replay
423,Semper,66,7000,57,T,0,replays/1stRun\2c82011ef99347bba01bcf7f88ff83ad.SC2Replay
424,Nice,27,750,6,P,0,replays/1stRun\2c907a631627402691fbcb83e8f91ed2.SC2Replay
425,ShaDoWn,26,1275,7,P,1,replays/1stRun\2c907a631627402691fbcb83e8f91ed2.SC2Replay
426,Serral,70,6675,61,Z,1,replays/1stRun\2cadcfb5873042148f27279395d25520.SC2Replay
427,SouLeer,64,6300,57,Z,0,replays/1stRun\2cadcfb5873042148f27279395d25520.SC2Replay
428,LiquidTLO,13,1050,28,Z,1,replays/1stRun\2cbff93efb7d4cb89ccb56b5f38efd16.SC2Replay
429,Lambo,20,825,14,Z,0,replays/1stRun\2cbff93efb7d4cb89ccb56b5f38efd16.SC2Replay
430,Pokebunny,57,3250,29,T,1,replays/1stRun\2cc6985119ba4468b181fe7fe501febb.SC2Replay
431,UpATree,37,2400,28,T,0,replays/1stRun\2cc6985119ba4468b181fe7fe501febb.SC2Replay
432,SpeCial,66,3650,41,T,1,replays/1stRun\2cf39854a86046478390977efe5f7d8f.SC2Replay
433,iAsonu,68,5325,84,Z,0,replays/1stRun\2cf39854a86046478390977efe5f7d8f.SC2Replay
434,niceUsername,22,250,5,T,0,replays/1stRun\2d0770c9aa80457fb2c8af2751e5e59d.SC2Replay
435,Caliber,23,375,2,P,1,replays/1stRun\2d0770c9aa80457fb2c8af2751e5e59d.SC2Replay
436,Neeblet,27,125,1,P,0,replays/1stRun\2d092d0b9e0e483d958dbbe5bd8ad49a.SC2Replay
437,Guru,20,750,14,Z,1,replays/1stRun\2d092d0b9e0e483d958dbbe5bd8ad49a.SC2Replay
438,Harstem,69,1950,5,P,1,replays/1stRun\2d0ec03490ec424e931459ce71b81f32.SC2Replay
439,InZaNe,75,3000,37,T,0,replays/1stRun\2d0ec03490ec424e931459ce71b81f32.SC2Replay
440,GAMETIME,52,2475,21,Z,1,replays/1stRun\2d22639b9a424ee9892409bf48872cec.SC2Replay
441,TheoRy,36,575,3,P,0,replays/1stRun\2d22639b9a424ee9892409bf48872cec.SC2Replay
442,Solar,61,2750,49,Z,1,replays/1stRun\2d294fec65e54e2baf3f923f8d618a5a.SC2Replay
443,Patience,48,975,5,P,0,replays/1stRun\2d294fec65e54e2baf3f923f8d618a5a.SC2Replay
444,RiSky,60,8350,74,Z,1,replays/1stRun\2d3197a2ebde48be8e9b204cb5062db6.SC2Replay
445,eonblu,59,7250,85,Z,0,replays/1stRun\2d3197a2ebde48be8e9b204cb5062db6.SC2Replay
446,liquidthermy,62,2600,32,T,1,replays/1stRun\2d323cb2b92045bd9e01c3e465274b2a.SC2Replay
447,SouLeer,61,3150,52,Z,0,replays/1stRun\2d323cb2b92045bd9e01c3e465274b2a.SC2Replay
448,MaNa,47,1100,6,P,1,replays/1stRun\2d4195500173413e9fdce4b57d81fefe.SC2Replay
449,MaSa,36,1300,12,T,0,replays/1stRun\2d4195500173413e9fdce4b57d81fefe.SC2Replay
450,Namshar,34,1375,30,Z,1,replays/1stRun\2d69008813e842c6aa7bcab577104c87.SC2Replay
451,GAMETIME,35,1225,18,Z,0,replays/1stRun\2d69008813e842c6aa7bcab577104c87.SC2Replay
452,Neeb,69,2675,10,P,0,replays/1stRun\2d75507b30804de39d8eb493f80bc3f3.SC2Replay
453,Reynor,83,5450,45,Z,1,replays/1stRun\2d75507b30804de39d8eb493f80bc3f3.SC2Replay
454,RiSky,50,2725,28,Z,0,replays/1stRun\2d7eeeb82fb440f791dd877f37b43651.SC2Replay
455,Zest,45,1000,5,P,1,replays/1stRun\2d7eeeb82fb440f791dd877f37b43651.SC2Replay
456,ShoWTimE,57,1475,8,P,1,replays/1stRun\2da735b908f245ec95534a359ec8df8f.SC2Replay
457,SpeCial,52,1550,13,T,0,replays/1stRun\2da735b908f245ec95534a359ec8df8f.SC2Replay
458,PandaBearMe,31,1550,40,Z,0,replays/1stRun\2daf479a2973486d8d72e7cdca4cb968.SC2Replay
459,MightyKiwi,38,2050,45,Z,1,replays/1stRun\2daf479a2973486d8d72e7cdca4cb968.SC2Replay
460,Solar,59,3500,26,Z,0,replays/1stRun\2db252ae226940e7a2c6c14359314d4a.SC2Replay
461,Ryung,54,2425,26,T,1,replays/1stRun\2db252ae226940e7a2c6c14359314d4a.SC2Replay
462,TLO,69,3200,27,Z,1,replays/1stRun\2dccd270b2744a0c881e06272c0f9261.SC2Replay
463,PandaBearMe,71,2425,21,Z,0,replays/1stRun\2dccd270b2744a0c881e06272c0f9261.SC2Replay
464,MCanning,19,400,3,P,0,replays/1stRun\2de3adb774c5446b9dce40103c16df1a.SC2Replay
465,miwa,28,2425,30,Z,1,replays/1stRun\2de3adb774c5446b9dce40103c16df1a.SC2Replay
466,Serral,43,1025,11,Z,0,replays/1stRun\2df167a195084263a6904e0323e6ec97.SC2Replay
467,Lambo,33,1800,16,Z,1,replays/1stRun\2df167a195084263a6904e0323e6ec97.SC2Replay
468,DisK,39,1000,4,P,1,replays/1stRun\2e03859d68604b9189834aa3107ec079.SC2Replay
469,Rhizer,31,1675,8,P,0,replays/1stRun\2e03859d68604b9189834aa3107ec079.SC2Replay
470,LiquidTLO,55,7450,62,Z,0,replays/1stRun\2e04e1013bc449c3af5d40acb2f80fee.SC2Replay
471,BLY,60,8550,66,Z,1,replays/1stRun\2e04e1013bc449c3af5d40acb2f80fee.SC2Replay
472,MMA,70,4725,47,T,1,replays/1stRun\2e0cc8972db341caa6421bc615179167.SC2Replay
473,DeMusliM,65,3975,41,T,0,replays/1stRun\2e0cc8972db341caa6421bc615179167.SC2Replay
474,HellraiseR,43,350,3,P,0,replays/1stRun\2e29268d0b9742d48479d465dba225d1.SC2Replay
475,TSGSolar,51,2125,37,Z,1,replays/1stRun\2e29268d0b9742d48479d465dba225d1.SC2Replay
476,Creature,43,800,5,P,0,replays/1stRun\2e2e692f870f4bfbb6bf5f4226957087.SC2Replay
477,HuShang,40,1500,9,P,1,replays/1stRun\2e2e692f870f4bfbb6bf5f4226957087.SC2Replay
478,TooDming,28,775,9,Z,1,replays/1stRun\2e3ce97c8f7d4f78886143f0a33889e6.SC2Replay
479,xKawaiian,24,300,3,T,0,replays/1stRun\2e3ce97c8f7d4f78886143f0a33889e6.SC2Replay
480,Lambo,65,11750,129,Z,1,replays/1stRun\2e3e202d02944fc9bb076f951f0d13e0.SC2Replay
481,PtitDrogo,80,1325,6,P,0,replays/1stRun\2e3e202d02944fc9bb076f951f0d13e0.SC2Replay
482,thermy,23,50,1,T,1,replays/1stRun\2e4cdef706434b2db2f95739e829ac2c.SC2Replay
483,Harstem,24,250,2,P,0,replays/1stRun\2e4cdef706434b2db2f95739e829ac2c.SC2Replay
484,lIIllllIIlll,15,200,4,T,0,replays/1stRun\2e61a8fb5cb34eb4b811cad56ea13ce2.SC2Replay
485,Solar,17,500,11,Z,1,replays/1stRun\2e61a8fb5cb34eb4b811cad56ea13ce2.SC2Replay
486,Scarlett,20,550,11,Z,0,replays/1stRun\2e6b5c4f40f24471bf6b7e18ab88643f.SC2Replay
487,Harstem,21,0,0,P,1,replays/1stRun\2e6b5c4f40f24471bf6b7e18ab88643f.SC2Replay
488,Bunny,44,1925,14,T,1,replays/1stRun\2e7c2da5ad164c9da220a5e4a9edd73d.SC2Replay
489,lIIllllIIlll,36,1650,8,T,0,replays/1stRun\2e7c2da5ad164c9da220a5e4a9edd73d.SC2Replay
490,SortOf,14,1200,27,Z,0,replays/1stRun\2e7c30c92d0643e9abcd35ea3798fee8.SC2Replay
491,Snute,42,1750,22,Z,1,replays/1stRun\2e7c30c92d0643e9abcd35ea3798fee8.SC2Replay
492,RlSky,22,550,8,Z,0,replays/1stRun\2e934781d387472180e8d5c448eb5c17.SC2Replay
493,SouLeer,16,750,16,Z,1,replays/1stRun\2e934781d387472180e8d5c448eb5c17.SC2Replay
494,DnS,63,1800,7,P,0,replays/1stRun\2eac3f1dcf6a4df2bb53d5a7073345ed.SC2Replay
495,Serral,68,6850,49,Z,1,replays/1stRun\2eac3f1dcf6a4df2bb53d5a7073345ed.SC2Replay
496,Serral,38,2525,28,Z,1,replays/1stRun\2ed70e686039425a9a05bc71019b667d.SC2Replay
497,Elazer,30,3600,32,Z,0,replays/1stRun\2ed70e686039425a9a05bc71019b667d.SC2Replay
498,Snute,33,1600,25,Z,1,replays/1stRun\2ed73cdb84264588940c8744b4a1e265.SC2Replay
499,NoRegreT,26,1400,27,Z,0,replays/1stRun\2ed73cdb84264588940c8744b4a1e265.SC2Replay
500,Nice,21,625,3,P,1,replays/1stRun\2edb79e1ab5c44e9b0041cb1ab073d85.SC2Replay
501,jheffe,22,250,4,T,0,replays/1stRun\2edb79e1ab5c44e9b0041cb1ab073d85.SC2Replay
502,iGRushcrazy,46,1625,7,P,0,replays/1stRun\2f1f08838eb34fcb86791e8ec0c4f8f1.SC2Replay
503,iGXiGua,45,3050,52,Z,1,replays/1stRun\2f1f08838eb34fcb86791e8ec0c4f8f1.SC2Replay
504,PandaBearMe,12,100,1,Z,0,replays/1stRun\2f25bb17cd4a461e9589b98aac6177f2.SC2Replay
505,Hymy,12,0,0,P,1,replays/1stRun\2f25bb17cd4a461e9589b98aac6177f2.SC2Replay
506,liquidthermy,41,2325,11,P,0,replays/1stRun\2f27c304cc9b471d8baa4182fb4ce786.SC2Replay
507,Patience,40,750,4,P,1,replays/1stRun\2f27c304cc9b471d8baa4182fb4ce786.SC2Replay
508,Guru,33,1900,31,Z,1,replays/1stRun\2f45999b1265416180d1ad1749ab3992.SC2Replay
509,Namshar,29,1075,13,Z,0,replays/1stRun\2f45999b1265416180d1ad1749ab3992.SC2Replay
510,Elazer,44,1875,35,Z,1,replays/1stRun\2f4e143f91a9435b8d730a30a0a482e6.SC2Replay
511,Stephano,38,3575,64,Z,0,replays/1stRun\2f4e143f91a9435b8d730a30a0a482e6.SC2Replay
512,Lobo,42,850,5,P,1,replays/1stRun\2f5002cfe8ad48839a473ed272b0d1c0.SC2Replay
513,StriKE,36,1750,22,T,0,replays/1stRun\2f5002cfe8ad48839a473ed272b0d1c0.SC2Replay
514,Poizon,24,250,2,P,0,replays/1stRun\2f782d2001314d5d8db7a6c08db86b57.SC2Replay
515,PtitDrogo,24,550,3,P,1,replays/1stRun\2f782d2001314d5d8db7a6c08db86b57.SC2Replay
516,Lambo,70,4375,69,Z,1,replays/1stRun\2f7cbdd74633456aa7d35247f372837b.SC2Replay
517,TIME,67,1700,28,T,0,replays/1stRun\2f7cbdd74633456aa7d35247f372837b.SC2Replay
518,JonSnow,59,4700,32,Z,1,replays/1stRun\2f9cd6b10f4b4df39f67ccf43ce23d91.SC2Replay
519,Serral,63,4225,41,Z,0,replays/1stRun\2f9cd6b10f4b4df39f67ccf43ce23d91.SC2Replay
520,PtitDrogo,48,700,4,P,0,replays/1stRun\2fa1674800a44407b181c3911d39c35b.SC2Replay
521,MMA,52,1150,18,T,1,replays/1stRun\2fa1674800a44407b181c3911d39c35b.SC2Replay
522,Stats,60,2000,6,P,1,replays/1stRun\2fae4dbe36e84c96bb22f366d73e3f83.SC2Replay
523,TYTY,66,4300,39,T,0,replays/1stRun\2fae4dbe36e84c96bb22f366d73e3f83.SC2Replay
524,Bly,33,1950,15,Z,1,replays/1stRun\2fbfdfc588124a1696cb403ccf0ad570.SC2Replay
525,DeMusliM,34,850,8,T,0,replays/1stRun\2fbfdfc588124a1696cb403ccf0ad570.SC2Replay
526,iaguz,64,1450,14,T,1,replays/1stRun\2fc4b949f7ee42079dff363dbea9ffe6.SC2Replay
527,Petraeus,68,2400,25,Z,0,replays/1stRun\2fc4b949f7ee42079dff363dbea9ffe6.SC2Replay
528,Cham,64,7850,67,Z,0,replays/1stRun\2fca6c86f3264a28ad53c326c0f7da16.SC2Replay
529,MDStephano,63,8050,74,Z,1,replays/1stRun\2fca6c86f3264a28ad53c326c0f7da16.SC2Replay
530,soul,44,1200,8,T,0,replays/1stRun\2fcff8977ae84c4eb053404e378b1871.SC2Replay
531,soO,49,2775,40,Z,1,replays/1stRun\2fcff8977ae84c4eb053404e378b1871.SC2Replay
532,Bly,29,2050,19,Z,0,replays/1stRun\2fd23860b3d4455b9ffaaeafc8b97d17.SC2Replay
533,Scarlett,43,2125,20,Z,1,replays/1stRun\2fd23860b3d4455b9ffaaeafc8b97d17.SC2Replay
534,Serral,50,1550,19,Z,1,replays/1stRun\2fe4559544ca42f4963150099493a063.SC2Replay
535,Harstem,46,1100,5,P,0,replays/1stRun\2fe4559544ca42f4963150099493a063.SC2Replay
536,LiquidMaNa,68,0,0,P,0,replays/1stRun\2fffd2b3811f4e45b10bf5b07f6b087a.SC2Replay
537,Bunny,62,3150,35,T,1,replays/1stRun\2fffd2b3811f4e45b10bf5b07f6b087a.SC2Replay
538,FWHas,47,1650,8,P,1,replays/1stRun\3a0d0490b41e4cd492bff9690714e59d.SC2Replay
539,Rex,48,5725,76,Z,0,replays/1stRun\3a0d0490b41e4cd492bff9690714e59d.SC2Replay
540,Polt,64,4775,56,T,1,replays/1stRun\3a3886f8168740d691bdc3e35f23687e.SC2Replay
541,Soulkey,56,6250,47,Z,0,replays/1stRun\3a3886f8168740d691bdc3e35f23687e.SC2Replay
542,TRUE,37,2250,53,Z,1,replays/1stRun\3a4e92d574b44cfea8a6e1dde3f00e12.SC2Replay
543,Nerchio,31,2200,56,Z,0,replays/1stRun\3a4e92d574b44cfea8a6e1dde3f00e12.SC2Replay
544,daydrA,36,950,13,Z,0,replays/1stRun\3a625ac607564cae9bc23eacc7fff35a.SC2Replay
545,NonY,36,375,3,P,1,replays/1stRun\3a625ac607564cae9bc23eacc7fff35a.SC2Replay
546,Nice,23,1225,7,P,0,replays/1stRun\3a71ed0c3d9c43ee94d13626acfd4401.SC2Replay
547,ShaDoWn,23,500,4,P,1,replays/1stRun\3a71ed0c3d9c43ee94d13626acfd4401.SC2Replay
548,Neeb,75,3050,11,P,1,replays/1stRun\3a81003c78754ac49b53767c0bcdb096.SC2Replay
549,MaNa,71,2400,11,P,0,replays/1stRun\3a81003c78754ac49b53767c0bcdb096.SC2Replay
550,OGZest,39,750,5,P,1,replays/1stRun\3a87ea42dfce4219941a746907b28cd3.SC2Replay
551,Bunny,29,1400,14,T,0,replays/1stRun\3a87ea42dfce4219941a746907b28cd3.SC2Replay
552,Nerchio,75,7850,95,Z,0,replays/1stRun\3a9d846a6d27497c9bb9dd8df3d2b601.SC2Replay
553,Stats,71,4725,14,P,1,replays/1stRun\3a9d846a6d27497c9bb9dd8df3d2b601.SC2Replay
554,Nerchio,30,1825,41,Z,1,replays/1stRun\3aaf72c8341e4df3b33c3ac0dc523b79.SC2Replay
555,GoGojOey,27,2050,36,Z,0,replays/1stRun\3aaf72c8341e4df3b33c3ac0dc523b79.SC2Replay
556,Nerchio,62,10550,82,Z,1,replays/1stRun\3ab2e9dc53da4d62a7da305f82bf12ac.SC2Replay
557,Impact,62,7850,64,Z,0,replays/1stRun\3ab2e9dc53da4d62a7da305f82bf12ac.SC2Replay
558,Kelazhur,50,3450,20,T,1,replays/1stRun\3ab3e6e49756499ba64ccf4368146d18.SC2Replay
559,HeRoMaRinE,48,4300,30,T,0,replays/1stRun\3ab3e6e49756499ba64ccf4368146d18.SC2Replay
560,Lambo,56,4375,43,Z,1,replays/1stRun\3ab793749ec1498ea0a70f307fb14ada.SC2Replay
561,Torkk,43,1050,7,P,0,replays/1stRun\3ab793749ec1498ea0a70f307fb14ada.SC2Replay
562,TSGSolar,38,2075,47,Z,0,replays/1stRun\3aed086f007d4312b2fb800275beae57.SC2Replay
563,soO,36,1900,37,Z,1,replays/1stRun\3aed086f007d4312b2fb800275beae57.SC2Replay
564,Ziggy,67,8100,40,T,1,replays/1stRun\3b0b22b75536431096ff5f5071e83ca8.SC2Replay
565,Matiz,79,13950,97,Z,0,replays/1stRun\3b0b22b75536431096ff5f5071e83ca8.SC2Replay
566,Zanster,25,2325,34,Z,0,replays/1stRun\3b13576548bb4cebb65d9ae95ec1a82f.SC2Replay
567,soO,31,2100,37,Z,1,replays/1stRun\3b13576548bb4cebb65d9ae95ec1a82f.SC2Replay
568,eonblu,52,1225,13,Z,0,replays/1stRun\3b2a91e44d6949c4af9b6639ed1ca3ed.SC2Replay
569,llllllllllll,46,1575,6,P,1,replays/1stRun\3b2a91e44d6949c4af9b6639ed1ca3ed.SC2Replay
570,Stats,54,1600,7,P,1,replays/1stRun\3b350bdc95fa470b805fb85ca56a5e21.SC2Replay
571,Dark,41,5200,86,Z,0,replays/1stRun\3b350bdc95fa470b805fb85ca56a5e21.SC2Replay
572,Nice,62,2625,11,P,1,replays/1stRun\3b40a49245ce4596b0c303c67502ff97.SC2Replay
573,Jig,75,2000,23,Z,0,replays/1stRun\3b40a49245ce4596b0c303c67502ff97.SC2Replay
574,Gremory,41,1125,10,Z,0,replays/1stRun\3b41692efda64660a32f6d2bda6d096b.SC2Replay
575,Bunny,36,550,11,T,1,replays/1stRun\3b41692efda64660a32f6d2bda6d096b.SC2Replay
576,Raze,28,825,12,T,1,replays/1stRun\3b4aae8180d94457812e3078313943df.SC2Replay
577,HeltEn,20,1000,4,T,0,replays/1stRun\3b4aae8180d94457812e3078313943df.SC2Replay
578,ShoWTimE,51,925,5,P,1,replays/1stRun\3b61d63aadad420f8d9bade440ff1fe8.SC2Replay
579,Namshar,35,2800,53,Z,0,replays/1stRun\3b61d63aadad420f8d9bade440ff1fe8.SC2Replay
580,Scarlett,69,4275,38,Z,0,replays/1stRun\3b6d1abbda89491899ad03670cb6c217.SC2Replay
581,DnS,65,1975,7,P,1,replays/1stRun\3b6d1abbda89491899ad03670cb6c217.SC2Replay
582,Bly,75,7075,104,Z,0,replays/1stRun\3b89a496b6ad4049a473d1cb8022060a.SC2Replay
583,Probe,65,6950,21,P,1,replays/1stRun\3b89a496b6ad4049a473d1cb8022060a.SC2Replay
584,Harstem,44,725,4,P,1,replays/1stRun\3b9ad8fffa84479ea9b3cf73d382edca.SC2Replay
585,Stephano,57,1600,18,Z,0,replays/1stRun\3b9ad8fffa84479ea9b3cf73d382edca.SC2Replay
586,MaSa,23,200,2,T,0,replays/1stRun\3baa06957ef548ada950b62abf096e39.SC2Replay
587,uThermal,21,400,4,T,1,replays/1stRun\3baa06957ef548ada950b62abf096e39.SC2Replay
588,Crow,45,1950,38,Z,0,replays/1stRun\3bb2fb4140054d30974cbddc72ecf95d.SC2Replay
589,JonSnow,49,3050,41,Z,1,replays/1stRun\3bb2fb4140054d30974cbddc72ecf95d.SC2Replay
590,SortOf,43,1725,30,Z,0,replays/1stRun\3bb8240641774784aff9dff30fcf8c97.SC2Replay
591,Elazer,45,1950,26,Z,1,replays/1stRun\3bb8240641774784aff9dff30fcf8c97.SC2Replay
592,Patience,53,2300,11,P,1,replays/1stRun\3bbb259fc0734a21b080f37f5488e752.SC2Replay
593,ArT,57,3300,13,P,0,replays/1stRun\3bbb259fc0734a21b080f37f5488e752.SC2Replay
594,HellraiseR,32,450,3,P,1,replays/1stRun\3bea857fc64b4115b6c48dd1e9380bd2.SC2Replay
595,MMA,31,675,12,T,0,replays/1stRun\3bea857fc64b4115b6c48dd1e9380bd2.SC2Replay
596,Gauss,33,875,4,P,1,replays/1stRun\3bf7af0fc8fb45628720e68ea2311fca.SC2Replay
597,Matrix,25,450,3,P,0,replays/1stRun\3bf7af0fc8fb45628720e68ea2311fca.SC2Replay
598,Zanster,54,3275,38,Z,1,replays/1stRun\3bfffe4bc870400da75ee901cfea3391.SC2Replay
599,Optimus,43,1600,14,T,0,replays/1stRun\3bfffe4bc870400da75ee901cfea3391.SC2Replay
600,GAMETIME,62,5025,51,Z,0,replays/1stRun\3c05346c2a834277a05ab82004e2fbdb.SC2Replay
601,iaguz,59,2500,39,T,1,replays/1stRun\3c05346c2a834277a05ab82004e2fbdb.SC2Replay
602,Dayshi,74,5150,47,T,0,replays/1stRun\3c2a0c895f694381be6cfb154d2e05f6.SC2Replay
603,Nerchio,73,8025,76,Z,1,replays/1stRun\3c2a0c895f694381be6cfb154d2e05f6.SC2Replay
604,Mana,46,775,5,P,1,replays/1stRun\3c3b56312a8a40bdac3708d2071daf3c.SC2Replay
605,Jason,45,2050,28,T,0,replays/1stRun\3c3b56312a8a40bdac3708d2071daf3c.SC2Replay
606,LiquidTLO,42,1325,20,Z,0,replays/1stRun\3c4e6f04f23b4b5f8c7809557bb55205.SC2Replay
607,llllllllllll,41,875,4,P,1,replays/1stRun\3c4e6f04f23b4b5f8c7809557bb55205.SC2Replay
608,NonY,74,2250,8,P,0,replays/1stRun\3c8ee445f7414e6d90079f492dcab2e3.SC2Replay
609,Namshar,76,8250,95,Z,1,replays/1stRun\3c8ee445f7414e6d90079f492dcab2e3.SC2Replay
610,Serral,70,4425,57,Z,1,replays/1stRun\3c985b09d2584749a64f71d81911392f.SC2Replay
611,LiquidTLO,60,3925,55,Z,0,replays/1stRun\3c985b09d2584749a64f71d81911392f.SC2Replay
612,liquidthermy,68,5450,38,T,0,replays/1stRun\3c9f98246d28407a9dc3ba82109ee61f.SC2Replay
613,Guru,84,8800,81,Z,1,replays/1stRun\3c9f98246d28407a9dc3ba82109ee61f.SC2Replay
614,Nice,45,1050,6,P,0,replays/1stRun\3ca66d6dcb7b4062b5e952ea392e1acc.SC2Replay
615,Rose,50,1425,21,Z,1,replays/1stRun\3ca66d6dcb7b4062b5e952ea392e1acc.SC2Replay
616,TRUE,34,2850,31,Z,1,replays/1stRun\3cba98406c9c49789a39032fb99983dc.SC2Replay
617,PandaBearMe,34,1525,22,Z,0,replays/1stRun\3cba98406c9c49789a39032fb99983dc.SC2Replay
618,DnS,40,800,4,P,1,replays/1stRun\3ccd3e39c50b4a5681e5c70e0cc234b7.SC2Replay
619,Elazer,63,3200,39,Z,0,replays/1stRun\3ccd3e39c50b4a5681e5c70e0cc234b7.SC2Replay
620,Gentleprobe,62,900,5,P,0,replays/1stRun\3cf2f156fb1a4c0aa9e0ac83e8b8ebe0.SC2Replay
621,iGiA,65,4600,49,Z,1,replays/1stRun\3cf2f156fb1a4c0aa9e0ac83e8b8ebe0.SC2Replay
622,eonblu,49,2100,28,Z,0,replays/1stRun\3cfe2620c4e34011b56983cd3d07503c.SC2Replay
623,Rhizer,49,1200,6,P,1,replays/1stRun\3cfe2620c4e34011b56983cd3d07503c.SC2Replay
624,Lambo,74,11050,134,Z,0,replays/1stRun\3d004ac21ef74b0d9c01a26d3a7e536f.SC2Replay
625,puCK,70,1700,8,P,1,replays/1stRun\3d004ac21ef74b0d9c01a26d3a7e536f.SC2Replay
626,PiLiPiLi,43,850,4,P,0,replays/1stRun\3d227f9b48dd4ca6b3875a8919d404e2.SC2Replay
627,Patience,39,650,3,P,1,replays/1stRun\3d227f9b48dd4ca6b3875a8919d404e2.SC2Replay
628,BLY,24,1750,45,Z,0,replays/1stRun\3d29857c7e0848dfacd0f5590c464aa8.SC2Replay
629,Stats,42,700,4,P,1,replays/1stRun\3d29857c7e0848dfacd0f5590c464aa8.SC2Replay
630,Nerchio,20,450,9,Z,0,replays/1stRun\3d4426aa4c984b06bb62bb0aae2addb8.SC2Replay
631,TRUE,18,550,11,Z,1,replays/1stRun\3d4426aa4c984b06bb62bb0aae2addb8.SC2Replay
632,Toodming,23,1350,14,Z,1,replays/1stRun\3d48b7f6c5d941f79be5c986cf7610b1.SC2Replay
633,yohilo,21,350,6,T,0,replays/1stRun\3d48b7f6c5d941f79be5c986cf7610b1.SC2Replay
634,aLive,44,1100,13,T,1,replays/1stRun\3d4d281794ef4386b8eb0b17ff3ffe72.SC2Replay
635,Harstem,49,1125,6,P,0,replays/1stRun\3d4d281794ef4386b8eb0b17ff3ffe72.SC2Replay
636,Cham,57,4025,38,Z,0,replays/1stRun\3d68cb99195744499529010d356d863e.SC2Replay
637,StevenBonnel,57,1450,7,P,1,replays/1stRun\3d68cb99195744499529010d356d863e.SC2Replay
638,Snute,58,14425,156,Z,0,replays/1stRun\3d7270c9de48479786fd78efce1da4de.SC2Replay
639,MacSed,63,8155,67,P,1,replays/1stRun\3d7270c9de48479786fd78efce1da4de.SC2Replay
640,puCK,64,1325,6,P,1,replays/1stRun\3d93c98665c34a7f8a8fdfe99e92e949.SC2Replay
641,PandaBearMe,67,2175,34,Z,0,replays/1stRun\3d93c98665c34a7f8a8fdfe99e92e949.SC2Replay
642,HeroMarine,68,3975,48,T,0,replays/1stRun\3dcf8464ee6447539ce3a28c8a73e191.SC2Replay
643,Namshar,73,5500,103,Z,1,replays/1stRun\3dcf8464ee6447539ce3a28c8a73e191.SC2Replay
644,MMA,69,3950,43,T,1,replays/1stRun\3dd38b2d11bf431b9d6552e642414738.SC2Replay
645,FeaR,62,2125,9,P,0,replays/1stRun\3dd38b2d11bf431b9d6552e642414738.SC2Replay
646,uThermal,13,300,3,T,1,replays/1stRun\3dd7e0bf26954445924b77c8df3ff443.SC2Replay
647,INnoVation,22,100,1,T,0,replays/1stRun\3dd7e0bf26954445924b77c8df3ff443.SC2Replay
648,MaSa,71,7100,46,T,0,replays/1stRun\3de2b7bd17c940aa9ced23aba229a12e.SC2Replay
649,TRUE,76,10500,83,Z,1,replays/1stRun\3de2b7bd17c940aa9ced23aba229a12e.SC2Replay
650,MeomaikA,52,2000,25,Z,1,replays/1stRun\3dee9a20640f4a58995fba9c05a3cbb7.SC2Replay
651,Crimson,45,1675,27,Z,0,replays/1stRun\3dee9a20640f4a58995fba9c05a3cbb7.SC2Replay
652,Neeb,49,825,6,P,0,replays/1stRun\3df861cc3dc745399c641b66db1af759.SC2Replay
653,TYTY,45,1125,15,T,1,replays/1stRun\3df861cc3dc745399c641b66db1af759.SC2Replay
654,Namshar,57,2725,59,Z,1,replays/1stRun\3e160b80e5ec4c308aeca521690d791c.SC2Replay
655,HellraiseR,53,2675,11,P,0,replays/1stRun\3e160b80e5ec4c308aeca521690d791c.SC2Replay
656,YoGo,35,3075,49,Z,0,replays/1stRun\3e2797c76ed94f3b905bd12d2f88ca5e.SC2Replay
657,Solar,43,3175,30,Z,1,replays/1stRun\3e2797c76ed94f3b905bd12d2f88ca5e.SC2Replay
658,viOLet,65,7400,117,Z,0,replays/1stRun\3e371694151c4e0692003046f9d8e727.SC2Replay
659,Bails,64,3625,17,P,1,replays/1stRun\3e371694151c4e0692003046f9d8e727.SC2Replay
660,EnDerr,60,9150,79,Z,0,replays/1stRun\3e62707a0ba14adf8f4dbfefa0ce4e8b.SC2Replay
661,Hydra,64,8250,70,Z,1,replays/1stRun\3e62707a0ba14adf8f4dbfefa0ce4e8b.SC2Replay
662,MaNa,64,2050,8,P,0,replays/1stRun\3e6a5dc3e98d49c8b4b1b5fad692d87f.SC2Replay
663,SpeCial,60,4325,41,T,1,replays/1stRun\3e6a5dc3e98d49c8b4b1b5fad692d87f.SC2Replay
664,Replicant,47,1575,18,T,0,replays/1stRun\3e8188757c14440c9e8e8fbd246138f9.SC2Replay
665,MaNa,52,550,3,P,1,replays/1stRun\3e8188757c14440c9e8e8fbd246138f9.SC2Replay
666,Kelazhur,65,5300,55,T,0,replays/1stRun\3e97eb04a05443a1ac79a1e96dfca1d0.SC2Replay
667,sOs,68,1250,5,P,1,replays/1stRun\3e97eb04a05443a1ac79a1e96dfca1d0.SC2Replay
668,MCanning,51,1400,5,P,0,replays/1stRun\3ea20eb7961a48d5ade6d4c3e7159c2a.SC2Replay
669,uThermal,62,3000,34,T,1,replays/1stRun\3ea20eb7961a48d5ade6d4c3e7159c2a.SC2Replay
670,Harstem,44,725,4,P,1,replays/1stRun\3ea579a84e8d48f58e4021d389c2c35d.SC2Replay
671,Guru,43,1375,14,Z,0,replays/1stRun\3ea579a84e8d48f58e4021d389c2c35d.SC2Replay
672,Bunny,53,3500,32,T,1,replays/1stRun\3ebe892cc7b24cedbe47b3f0b71babaf.SC2Replay
673,ShoWTimE,59,100,1,P,0,replays/1stRun\3ebe892cc7b24cedbe47b3f0b71babaf.SC2Replay
674,Cham,53,5200,41,Z,1,replays/1stRun\3ebff7d5eda640aea27bfc52e50c5ed6.SC2Replay
675,Erik,50,1900,17,Z,0,replays/1stRun\3ebff7d5eda640aea27bfc52e50c5ed6.SC2Replay
676,Kelazhur,45,1950,20,T,0,replays/1stRun\3ec615a91f0e4b61b4091492c51d539d.SC2Replay
677,SortOf,44,4000,28,Z,1,replays/1stRun\3ec615a91f0e4b61b4091492c51d539d.SC2Replay
678,INnoVation,18,100,1,T,1,replays/1stRun\3f14ae157d82408d8e18c4eb165286fb.SC2Replay
679,yohilo,21,0,0,T,0,replays/1stRun\3f14ae157d82408d8e18c4eb165286fb.SC2Replay
680,Zest,44,1250,6,P,1,replays/1stRun\3f626dba8c7e4b0b9ecfcd47b41bbb70.SC2Replay
681,HeRoMaRinE,43,1800,19,T,0,replays/1stRun\3f626dba8c7e4b0b9ecfcd47b41bbb70.SC2Replay
682,JonSnow,65,6950,59,Z,0,replays/1stRun\3f6748f0e61c4cbaa669dd9113b2ff7e.SC2Replay
683,Nerchio,69,7400,57,Z,1,replays/1stRun\3f6748f0e61c4cbaa669dd9113b2ff7e.SC2Replay
684,JonSnow,39,1300,16,Z,1,replays/1stRun\3f88e0cb36c94d10ac05170c72e310e5.SC2Replay
685,MaSa,36,1200,15,T,0,replays/1stRun\3f88e0cb36c94d10ac05170c72e310e5.SC2Replay
686,SortOf,63,4775,38,Z,0,replays/1stRun\3f8a086aaae94a1eb59d39605aceaaa5.SC2Replay
687,Nerchio,66,4075,42,Z,1,replays/1stRun\3f8a086aaae94a1eb59d39605aceaaa5.SC2Replay
688,ShaDoWn,38,850,4,P,1,replays/1stRun\3f8d712ca8964264b1f15ebb9c39ff51.SC2Replay
689,Buster,32,1100,13,T,0,replays/1stRun\3f8d712ca8964264b1f15ebb9c39ff51.SC2Replay
690,Ninja,28,1350,7,P,1,replays/1stRun\3f902715c783432aa90351dbf71323e2.SC2Replay
691,Poizon,31,675,4,P,0,replays/1stRun\3f902715c783432aa90351dbf71323e2.SC2Replay
692,Snute,76,10300,110,Z,1,replays/1stRun\3f97a412cea242cd89c9997b3d820a26.SC2Replay
693,TIME,66,7975,95,T,0,replays/1stRun\3f97a412cea242cd89c9997b3d820a26.SC2Replay
694,Time,31,650,5,T,1,replays/1stRun\3f99e2e574864f6098774f5ec59b7b18.SC2Replay
695,ShahriarDeMi,24,1100,9,T,0,replays/1stRun\3f99e2e574864f6098774f5ec59b7b18.SC2Replay
696,DnS,68,2225,9,P,1,replays/1stRun\3fa2aef26d0f495fb5d7fca80111d6ca.SC2Replay
697,Xaoras,59,5450,54,Z,0,replays/1stRun\3fa2aef26d0f495fb5d7fca80111d6ca.SC2Replay
698,herO,56,2800,12,P,0,replays/1stRun\3fa72edfe68a4fbaba5afb2d5c89299a.SC2Replay
699,sOs,61,2975,12,P,1,replays/1stRun\3fa72edfe68a4fbaba5afb2d5c89299a.SC2Replay
700,Mamba,44,1125,16,Z,0,replays/1stRun\3facf7040e7e4da3a49ab389059fbcff.SC2Replay
701,LiquidSnute,51,1725,18,Z,1,replays/1stRun\3facf7040e7e4da3a49ab389059fbcff.SC2Replay
702,Bunny,36,800,9,T,0,replays/1stRun\3fcb8b48a861449596e03108391839f7.SC2Replay
703,Elazer,37,1625,22,Z,1,replays/1stRun\3fcb8b48a861449596e03108391839f7.SC2Replay
704,Snute,65,3300,26,Z,1,replays/1stRun\3fd6488bd6b24b3da2ffef1b003bfffe.SC2Replay
705,MacSed,44,675,4,P,0,replays/1stRun\3fd6488bd6b24b3da2ffef1b003bfffe.SC2Replay
706,Cham,71,4675,46,Z,0,replays/1stRun\3fdbd870d3f0460bac074ece9b86d1a4.SC2Replay
707,Scarlett,67,6625,63,Z,1,replays/1stRun\3fdbd870d3f0460bac074ece9b86d1a4.SC2Replay
708,GuMiho,51,6825,76,T,1,replays/1stRun\3fe552d8711443e8895ae3241ffce5f6.SC2Replay
709,jjakji,65,8000,93,T,0,replays/1stRun\3fe552d8711443e8895ae3241ffce5f6.SC2Replay
710,BLY,41,1575,14,Z,0,replays/1stRun\4a073f93ed2d406bae7f68c6cadbd780.SC2Replay
711,LiquidSnute,44,1950,22,Z,1,replays/1stRun\4a073f93ed2d406bae7f68c6cadbd780.SC2Replay
712,TRUE,33,1175,30,Z,0,replays/1stRun\4a308b84305b4ce79d9e489b1d0f7e37.SC2Replay
713,Cham,40,1700,28,Z,1,replays/1stRun\4a308b84305b4ce79d9e489b1d0f7e37.SC2Replay
714,Scarlett,24,1850,12,Z,1,replays/1stRun\4a3d93bbcd8340e2bc8dd341750165e2.SC2Replay
715,ShaDoWn,21,125,1,P,0,replays/1stRun\4a3d93bbcd8340e2bc8dd341750165e2.SC2Replay
716,GAMETIME,51,1200,15,Z,1,replays/1stRun\4a4580272aa4409ba5af67ae0902e49a.SC2Replay
717,TheoRy,27,425,3,P,0,replays/1stRun\4a4580272aa4409ba5af67ae0902e49a.SC2Replay
718,Lambo,87,8600,109,Z,1,replays/1stRun\4a662946bf1841f1b5634afd71e26536.SC2Replay
719,lllIIIIllll,70,3700,13,P,0,replays/1stRun\4a662946bf1841f1b5634afd71e26536.SC2Replay
720,herO,64,1125,4,P,1,replays/1stRun\4ab064835fdf4dcd9cc789e33a052463.SC2Replay
721,Snute,52,3950,50,Z,0,replays/1stRun\4ab064835fdf4dcd9cc789e33a052463.SC2Replay
722,LiquidMaNa,59,3900,14,P,0,replays/1stRun\4ad9a62ad6704780afeb3aeab022a0f3.SC2Replay
723,Lambo,78,4075,83,Z,1,replays/1stRun\4ad9a62ad6704780afeb3aeab022a0f3.SC2Replay
724,SortOf,44,1750,19,Z,0,replays/1stRun\4adefb71570741a5b64dca9a46701dbf.SC2Replay
725,puCK,45,700,4,P,1,replays/1stRun\4adefb71570741a5b64dca9a46701dbf.SC2Replay
726,DnS,41,500,3,P,0,replays/1stRun\4ae90340da30426fbe2e6c32d0f8e787.SC2Replay
727,SouLeer,26,1550,24,Z,1,replays/1stRun\4ae90340da30426fbe2e6c32d0f8e787.SC2Replay
728,Harstem,74,3425,12,P,0,replays/1stRun\4af798e1a4e64df1ad28a5fef3df5fd0.SC2Replay
729,Lambo,61,12900,108,Z,1,replays/1stRun\4af798e1a4e64df1ad28a5fef3df5fd0.SC2Replay
730,Snute,46,5550,50,Z,1,replays/1stRun\4b19ab1378094f8db613ee8376044e93.SC2Replay
731,Elazer,56,3750,33,Z,0,replays/1stRun\4b19ab1378094f8db613ee8376044e93.SC2Replay
732,Scarlett,66,10300,106,Z,1,replays/1stRun\4b32dfc2839c43a5be0a0cf759647190.SC2Replay
733,Serral,68,8500,74,Z,0,replays/1stRun\4b32dfc2839c43a5be0a0cf759647190.SC2Replay
734,Zanster,25,1325,31,Z,1,replays/1stRun\4b3a1373739b4eb990176ae26e31d7b1.SC2Replay
735,Wilo,32,900,14,Z,0,replays/1stRun\4b3a1373739b4eb990176ae26e31d7b1.SC2Replay
736,ByuN,60,3100,42,T,1,replays/1stRun\4b6ece5471f64a78880936e41c391f5b.SC2Replay
737,Solar,63,4375,80,Z,0,replays/1stRun\4b6ece5471f64a78880936e41c391f5b.SC2Replay
738,soul,53,1850,20,T,1,replays/1stRun\4b892448c7134e9f893e60f501f53715.SC2Replay
739,OGZest,46,300,1,P,0,replays/1stRun\4b892448c7134e9f893e60f501f53715.SC2Replay
740,Elazer,58,4850,40,Z,0,replays/1stRun\4ba72ecfd967420694726724b4da275b.SC2Replay
741,Zanster,59,6950,49,Z,1,replays/1stRun\4ba72ecfd967420694726724b4da275b.SC2Replay
742,JonSnow,34,1125,16,Z,0,replays/1stRun\4ba76effea1b49dea262a46a82ef0ab1.SC2Replay
743,viOLet,39,1100,10,Z,1,replays/1stRun\4ba76effea1b49dea262a46a82ef0ab1.SC2Replay
744,Petraeus,50,2250,17,Z,1,replays/1stRun\4bbf95716d11441a85eb82910b59ffb5.SC2Replay
745,PiG,49,1550,14,Z,0,replays/1stRun\4bbf95716d11441a85eb82910b59ffb5.SC2Replay
746,soO,67,10325,83,Z,0,replays/1stRun\4bc4a26fe9c24a8bb1daaa85df7feff1.SC2Replay
747,TSGSolar,62,9000,79,Z,1,replays/1stRun\4bc4a26fe9c24a8bb1daaa85df7feff1.SC2Replay
748,Cuddlebear,27,700,13,T,1,replays/1stRun\4bc85b50f99a493d935abff2918450cb.SC2Replay
749,ZergGirl,22,1400,31,Z,0,replays/1stRun\4bc85b50f99a493d935abff2918450cb.SC2Replay
750,Harstem,57,3050,13,P,0,replays/1stRun\4bca8f173624422f9e6d22bb22f37a65.SC2Replay
751,Snute,49,4900,64,Z,1,replays/1stRun\4bca8f173624422f9e6d22bb22f37a65.SC2Replay
752,HeRoMaRinE,40,4325,47,T,0,replays/1stRun\4be130e5e3414f1f9da9e5e4dd7085a0.SC2Replay
753,Ryung,52,3625,38,T,1,replays/1stRun\4be130e5e3414f1f9da9e5e4dd7085a0.SC2Replay
754,uThermal,14,100,1,T,1,replays/1stRun\4be8d6ac2a714ca383ee71612b007d8e.SC2Replay
755,Snute,21,300,3,Z,0,replays/1stRun\4be8d6ac2a714ca383ee71612b007d8e.SC2Replay
756,PiLiPiLi,48,525,3,P,0,replays/1stRun\4bf338370cf8426da58f58e05c00f2ec.SC2Replay
757,Serral,40,2950,34,Z,1,replays/1stRun\4bf338370cf8426da58f58e05c00f2ec.SC2Replay
758,Elazer,84,7500,76,Z,1,replays/1stRun\4c10c3f2d5e3436489987a918b748636.SC2Replay
759,HeRoMaRinE,77,6500,37,T,0,replays/1stRun\4c10c3f2d5e3436489987a918b748636.SC2Replay
760,Elazer,43,1200,13,Z,1,replays/1stRun\4c373644edab4b51b597f6d5ad8e0ca4.SC2Replay
761,Patience,41,800,4,P,0,replays/1stRun\4c373644edab4b51b597f6d5ad8e0ca4.SC2Replay
762,Neeb,80,6200,21,P,1,replays/1stRun\4c3901a9317e4cba8f4c6dd2ef0809e0.SC2Replay
763,Snute,69,10800,110,Z,0,replays/1stRun\4c3901a9317e4cba8f4c6dd2ef0809e0.SC2Replay
764,Zanster,82,10700,98,Z,0,replays/1stRun\4c45224ec32446fbb2597d5ba2d4cd7d.SC2Replay
765,FanTaSy,72,6900,34,T,1,replays/1stRun\4c45224ec32446fbb2597d5ba2d4cd7d.SC2Replay
766,ReiGN,52,1575,7,P,0,replays/1stRun\4c4c431606cf41249f0a51ae0f7b8439.SC2Replay
767,Ryung,50,2400,25,T,1,replays/1stRun\4c4c431606cf41249f0a51ae0f7b8439.SC2Replay
768,Nerchio,27,1225,25,Z,1,replays/1stRun\4c4ffe6e975640f1b07057be0f4d540a.SC2Replay
769,Mackintac,25,1100,20,Z,0,replays/1stRun\4c4ffe6e975640f1b07057be0f4d540a.SC2Replay
770,Replicant,39,1075,10,T,0,replays/1stRun\4c69c56a63ce4664aab6169e761b3108.SC2Replay
771,Lambo,62,2400,36,Z,1,replays/1stRun\4c69c56a63ce4664aab6169e761b3108.SC2Replay
772,Elazer,51,3350,77,Z,0,replays/1stRun\4c84d0150b2c410fb096538759085027.SC2Replay
773,Zanster,52,5250,50,Z,1,replays/1stRun\4c84d0150b2c410fb096538759085027.SC2Replay
774,Dayshi,29,500,5,T,0,replays/1stRun\4c925965cb45463d8afa492ccd088670.SC2Replay
775,Nerchio,43,2100,18,Z,1,replays/1stRun\4c925965cb45463d8afa492ccd088670.SC2Replay
776,Lobo,30,500,4,P,1,replays/1stRun\4ca2577f6201425cbc65f05670141897.SC2Replay
777,SouLeer,25,2450,21,Z,0,replays/1stRun\4ca2577f6201425cbc65f05670141897.SC2Replay
778,RiSky,37,2025,33,Z,0,replays/1stRun\4cb89f42420f48f7914ea8cbbfc8fce3.SC2Replay
779,losira,39,1425,23,Z,1,replays/1stRun\4cb89f42420f48f7914ea8cbbfc8fce3.SC2Replay
780,CMStormPolt,25,1050,21,T,1,replays/1stRun\4ccaf02c18514389b5c00b6a2833d470.SC2Replay
781,Lambo,26,2500,24,Z,0,replays/1stRun\4ccaf02c18514389b5c00b6a2833d470.SC2Replay
782,Optimus,18,150,3,T,0,replays/1stRun\4cdd1bd8e4fe4befaad1ffe67629243e.SC2Replay
783,Solar,18,450,7,Z,1,replays/1stRun\4cdd1bd8e4fe4befaad1ffe67629243e.SC2Replay
784,Lambo,72,6350,83,Z,1,replays/1stRun\4ce7f4d8769045e49aa80a46b22afdb6.SC2Replay
785,Reynor,77,4275,52,Z,0,replays/1stRun\4ce7f4d8769045e49aa80a46b22afdb6.SC2Replay
786,soul,42,1775,16,T,1,replays/1stRun\4cea55c425c14682a7d5d71d29d11878.SC2Replay
787,Kas,39,1275,11,T,0,replays/1stRun\4cea55c425c14682a7d5d71d29d11878.SC2Replay
788,InZaNe,69,6625,82,T,1,replays/1stRun\4d0f3d93268f4f68b2261229658d23dc.SC2Replay
789,GOStephano,75,7275,137,Z,0,replays/1stRun\4d0f3d93268f4f68b2261229658d23dc.SC2Replay
790,Elazer,80,6600,62,Z,1,replays/1stRun\4d0fca0a0e1b4e7086679957826638e4.SC2Replay
791,puCK,66,1725,7,P,0,replays/1stRun\4d0fca0a0e1b4e7086679957826638e4.SC2Replay
792,PtitDrogo,43,900,4,P,0,replays/1stRun\4d1f7ce869a44d66ad4023083a90bda8.SC2Replay
793,Zanster,42,1050,12,Z,1,replays/1stRun\4d1f7ce869a44d66ad4023083a90bda8.SC2Replay
794,viOLet,25,3025,72,Z,1,replays/1stRun\4d39d415360849b6a53fdbc9bfb6cb65.SC2Replay
795,Has,32,200,1,P,0,replays/1stRun\4d39d415360849b6a53fdbc9bfb6cb65.SC2Replay
796,Harstem,64,3375,12,P,0,replays/1stRun\4d3c4877c5cd4cf98b2d9038306fadfa.SC2Replay
797,JonSnow,69,4425,42,Z,1,replays/1stRun\4d3c4877c5cd4cf98b2d9038306fadfa.SC2Replay
798,liquidthermy,71,1875,14,T,1,replays/1stRun\4d4d45d21578451fbf48b1a8c3a24933.SC2Replay
799,SortOf,73,4250,39,Z,0,replays/1stRun\4d4d45d21578451fbf48b1a8c3a24933.SC2Replay
800,Scarlett,53,1275,13,Z,1,replays/1stRun\4d86591f387d494d88ac4000e80fa251.SC2Replay
801,Harstem,44,1300,6,P,0,replays/1stRun\4d86591f387d494d88ac4000e80fa251.SC2Replay
802,Demi,65,10225,89,Z,0,replays/1stRun\4d8f2e5827be4f9ea4e1ba17989fed99.SC2Replay
803,MeomaikA,67,8750,86,Z,1,replays/1stRun\4d8f2e5827be4f9ea4e1ba17989fed99.SC2Replay
804,liquidthermy,74,8100,82,T,0,replays/1stRun\4d998d0197df40fb8c160ee27b71ee14.SC2Replay
805,Harstem,77,4500,13,P,1,replays/1stRun\4d998d0197df40fb8c160ee27b71ee14.SC2Replay
806,Nerchio,79,9450,104,Z,1,replays/1stRun\4d9aa362c55e47469996111abc963448.SC2Replay
807,Neeb,71,2850,12,P,0,replays/1stRun\4d9aa362c55e47469996111abc963448.SC2Replay
808,ShoWTimE,41,1250,6,P,0,replays/1stRun\4da7f7273590431a8036fcc5ef6665fc.SC2Replay
809,Kelazhur,39,800,14,T,1,replays/1stRun\4da7f7273590431a8036fcc5ef6665fc.SC2Replay
810,Cham,67,2800,24,Z,1,replays/1stRun\4dc650e35353438096361a51ac2ceb5d.SC2Replay
811,Wilo,62,2700,24,Z,0,replays/1stRun\4dc650e35353438096361a51ac2ceb5d.SC2Replay
812,GOStephano,57,3225,49,Z,1,replays/1stRun\4dca8eba6d994761a3692179f6afb745.SC2Replay
813,HellraiseR,68,1125,4,P,0,replays/1stRun\4dca8eba6d994761a3692179f6afb745.SC2Replay
814,ViBE,41,1350,16,Z,1,replays/1stRun\4dccb61e12ed405ba19fdf5873759c2c.SC2Replay
815,Allaryce,29,1075,15,Z,0,replays/1stRun\4dccb61e12ed405ba19fdf5873759c2c.SC2Replay
816,Hjax,64,1875,7,P,0,replays/1stRun\4dd752139bd44e94a9caa447bb8fb9f7.SC2Replay
817,TheWagon,74,7200,72,Z,1,replays/1stRun\4dd752139bd44e94a9caa447bb8fb9f7.SC2Replay
818,Solar,49,1900,26,Z,1,replays/1stRun\4dd98dc116184a2d91d2407e9bfc0fed.SC2Replay
819,LiquidSnute,48,1025,16,Z,0,replays/1stRun\4dd98dc116184a2d91d2407e9bfc0fed.SC2Replay
820,Solar,82,10650,82,Z,1,replays/1stRun\9cd1f311dd434d66b77d069a8e3e73c3.SC2Replay
821,Bunny,82,6425,38,T,0,replays/1stRun\9cd1f311dd434d66b77d069a8e3e73c3.SC2Replay
822,DnS,60,775,4,P,0,replays/1stRun\9cd5815fee8b4df88d292411de6a8fff.SC2Replay
823,Serral,66,3925,66,Z,1,replays/1stRun\9cd5815fee8b4df88d292411de6a8fff.SC2Replay
824,llllllllllll,28,850,4,P,1,replays/1stRun\9ce2640561134c37812a29e87e443a0f.SC2Replay
825,liquidthermy,26,200,2,T,0,replays/1stRun\9ce2640561134c37812a29e87e443a0f.SC2Replay
