,player,total_workers,resource_mining,total_army_value,total_army,time,fraction,winner,replay_filename
0,HeroMarine,26,4439,300,3,254,T,0,replays/2ndRun\008ec6a2ed6040388074d60d9414aec3.SC2Replay
1,TYTY,24,3757,100,1,232,T,1,replays/2ndRun\008ec6a2ed6040388074d60d9414aec3.SC2Replay
2,viOLet,62,21694,6650,61,695,Z,1,replays/2ndRun\009b567c50e1468ca20af4aa3726f6bd.SC2Replay
3,MarineLorD,68,21293,3225,46,688,T,0,replays/2ndRun\009b567c50e1468ca20af4aa3726f6bd.SC2Replay
4,Pokebunny,64,26976,2500,32,687,T,0,replays/2ndRun\05a19cd09aab4a389dacb48bf54bd4dc.SC2Replay
5,TLO,73,33372,5625,95,687,Z,1,replays/2ndRun\05a19cd09aab4a389dacb48bf54bd4dc.SC2Replay
6,Lambo,75,14727,2775,35,548,Z,1,replays/2ndRun\05a783f074e246a5ae63576e57f76594.SC2Replay
7,Kelazhur,51,14722,2150,16,548,T,0,replays/2ndRun\05a783f074e246a5ae63576e57f76594.SC2Replay
8,MaSa,72,26796,3800,50,775,T,0,replays/2ndRun\05aa5e62b1964a64885bd16e796adca2.SC2Replay
9,TRUE,74,36853,8000,121,830,Z,1,replays/2ndRun\05aa5e62b1964a64885bd16e796adca2.SC2Replay
10,LiquidTLO,12,100,0,0,0,T,1,replays/2ndRun\05d0fcc8138d442cac40d973e02a44f3.SC2Replay
11,iGiA,69,23609,6925,94,662,Z,1,replays/2ndRun\05dc47294dda49bfa6da51af9f1e8276.SC2Replay
12,Gentleprobe,68,23670,2800,13,610,P,0,replays/2ndRun\05dc47294dda49bfa6da51af9f1e8276.SC2Replay
13,ShoWTimE,58,19588,2200,9,712,P,0,replays/2ndRun\05e16d0dd8e4465387bd244dffb71896.SC2Replay
14,Stats,57,36265,2100,10,782,P,1,replays/2ndRun\05e16d0dd8e4465387bd244dffb71896.SC2Replay
15,soul,71,22096,4900,46,745,T,0,replays/2ndRun\05efd230cd3e4cb9b0274ece02c61342.SC2Replay
16,OGZest,72,32056,1700,7,735,P,1,replays/2ndRun\05efd230cd3e4cb9b0274ece02c61342.SC2Replay
17,GOStephano,68,17315,4425,76,588,Z,0,replays/2ndRun\05f70cf4a1424463b247415e9e69f371.SC2Replay
18,lIIllllIIlll,72,16457,2475,33,578,T,1,replays/2ndRun\05f70cf4a1424463b247415e9e69f371.SC2Replay
19,ZhuGeLiang,61,46157,10275,88,1028,Z,1,replays/2ndRun\05f9e4aa68c94d69a3933bab19966bf0.SC2Replay
20,JonSnow,66,24373,7875,73,708,Z,0,replays/2ndRun\05f9e4aa68c94d69a3933bab19966bf0.SC2Replay
21,ByuN,50,16439,2000,30,581,T,0,replays/2ndRun\06b5b273d51748efb78de8f79bf9910b.SC2Replay
22,Stats,61,15408,2300,10,573,P,1,replays/2ndRun\06b5b273d51748efb78de8f79bf9910b.SC2Replay
23,Raze,30,11971,1375,6,392,P,0,replays/2ndRun\06c2145c1cf243269e050c1d58d8e674.SC2Replay
24,Dolan,28,8379,1700,17,395,T,1,replays/2ndRun\06c2145c1cf243269e050c1d58d8e674.SC2Replay
25,Harstem,63,19005,5550,16,697,P,1,replays/2ndRun\06c267255b5e4caeb47ef416a1e1a196.SC2Replay
26,Stats,67,22695,2575,12,691,P,0,replays/2ndRun\06c267255b5e4caeb47ef416a1e1a196.SC2Replay
27,Revolution,17,12003,1025,19,408,Z,0,replays/2ndRun\06d46743f9a04586a5e2ff880014295d.SC2Replay
28,Zanster,31,7844,1525,21,408,Z,1,replays/2ndRun\06d46743f9a04586a5e2ff880014295d.SC2Replay
29,Guru,64,35767,7750,69,898,Z,1,replays/2ndRun\06de1d29e67b4c61b88bec62744ece06.SC2Replay
30,MaNa,46,13338,700,5,480,P,0,replays/2ndRun\06de1d29e67b4c61b88bec62744ece06.SC2Replay
31,Fist,42,11453,1650,30,430,Z,0,replays/2ndRun\06e105e1a8ab4d0fb17b3c6e7d29b7d6.SC2Replay
32,Rex,49,8380,1625,26,413,Z,1,replays/2ndRun\06e105e1a8ab4d0fb17b3c6e7d29b7d6.SC2Replay
33,TooDming,65,9997,3325,56,511,Z,1,replays/2ndRun\06eefb9f1975438693fa17d2065ea1de.SC2Replay
34,xKawaiian,38,11365,2150,27,525,T,0,replays/2ndRun\06eefb9f1975438693fa17d2065ea1de.SC2Replay
35,Elazer,42,10931,2100,42,406,Z,1,replays/2ndRun\06f0d1c9759045f192070085ab23c24a.SC2Replay
36,Scarlett,45,9833,2125,34,415,Z,0,replays/2ndRun\06f0d1c9759045f192070085ab23c24a.SC2Replay
37,PtitDrogo,25,5887,1225,7,299,P,1,replays/2ndRun\06fc07c82ef345e1a6a7a1a89eecc3bc.SC2Replay
38,OGZest,25,5660,725,4,310,P,0,replays/2ndRun\06fc07c82ef345e1a6a7a1a89eecc3bc.SC2Replay
39,ShaDoWn,48,9736,1000,5,417,P,0,replays/2ndRun\07d561fb0cdf4a258f2b12ba4dadf916.SC2Replay
40,Solar,56,9671,1675,19,425,Z,1,replays/2ndRun\07d561fb0cdf4a258f2b12ba4dadf916.SC2Replay
41,Optimus,67,23701,2375,24,750,T,1,replays/2ndRun\07d6911f8fa84e47969f1df1c86c2139.SC2Replay
42,Zanster,52,23940,6000,50,735,Z,0,replays/2ndRun\07d6911f8fa84e47969f1df1c86c2139.SC2Replay
43,Nerchio,61,41044,7375,72,920,Z,0,replays/2ndRun\07e4640be7784ef4bed54019d192636f.SC2Replay
44,uThermal,68,38635,4925,58,832,T,1,replays/2ndRun\07e4640be7784ef4bed54019d192636f.SC2Replay
45,Semper,16,560,0,0,71,T,1,replays/2ndRun\07f2f989d5a64e3aa0e430fe739b68c0.SC2Replay
46,ObiWanPwnobi,17,710,0,0,80,P,0,replays/2ndRun\07f2f989d5a64e3aa0e430fe739b68c0.SC2Replay
47,eonblu,58,32346,3200,46,825,Z,0,replays/2ndRun\07f901e09f994a78a9eb89b10832f33d.SC2Replay
48,Clem,48,18649,2625,26,776,T,1,replays/2ndRun\07f901e09f994a78a9eb89b10832f33d.SC2Replay
49,PiLiPiLi,41,11126,625,4,371,P,0,replays/2ndRun\08a3adfbadc44e5c92320dad48e16332.SC2Replay
50,PandaBearMe,44,5900,1050,15,361,Z,1,replays/2ndRun\08a3adfbadc44e5c92320dad48e16332.SC2Replay
51,MaNa,49,20225,3225,13,665,P,0,replays/2ndRun\08b98a000de449e19f5e8a58ae2fb14a.SC2Replay
52,INnoVation,52,17373,3925,46,648,T,1,replays/2ndRun\08b98a000de449e19f5e8a58ae2fb14a.SC2Replay
53,Harstem,37,5110,600,3,310,P,0,replays/2ndRun\08e5b16f21f6474d9ac177798be740f7.SC2Replay
54,Elazer,27,5650,1050,18,319,Z,1,replays/2ndRun\08e5b16f21f6474d9ac177798be740f7.SC2Replay
55,Serral,41,7268,3175,37,451,Z,0,replays/2ndRun\09b52dcc90b84a889a41ee63cf52585f.SC2Replay
56,Neeb,47,9615,475,3,448,P,1,replays/2ndRun\09b52dcc90b84a889a41ee63cf52585f.SC2Replay
57,LiquidMaNa,59,27219,1900,7,750,P,0,replays/2ndRun\09c727fc85514809a59bfcad38f070f8.SC2Replay
58,Elazer,47,8990,5225,78,519,Z,1,replays/2ndRun\09c727fc85514809a59bfcad38f070f8.SC2Replay
59,Soulkey,58,17017,2850,30,544,Z,0,replays/2ndRun\09db9834b3794d01813271a3d3361822.SC2Replay
60,ByuN,52,13922,1400,24,541,T,1,replays/2ndRun\09db9834b3794d01813271a3d3361822.SC2Replay
61,Bly,32,10881,1100,16,485,Z,0,replays/2ndRun\4deca5847e2a46129fd3765652fb246d.SC2Replay
62,Namshar,39,10011,1275,20,468,Z,1,replays/2ndRun\4deca5847e2a46129fd3765652fb246d.SC2Replay
63,Rose,28,8455,925,15,375,Z,0,replays/2ndRun\4df6244f2e834c3285baa1a8f593d996.SC2Replay
64,Nice,24,7171,1125,7,328,P,1,replays/2ndRun\4df6244f2e834c3285baa1a8f593d996.SC2Replay
65,Lambo,83,41771,13550,122,820,Z,0,replays/2ndRun\4e0124f1c83f4186b4da33dcbff2a1d6.SC2Replay
66,LiquidMaNa,73,34693,2600,9,828,P,1,replays/2ndRun\4e0124f1c83f4186b4da33dcbff2a1d6.SC2Replay
67,BLY,59,13972,3200,23,503,Z,0,replays/2ndRun\4e113276fa9244d3b8d10bbe1d694beb.SC2Replay
68,puCK,44,10970,775,5,462,P,1,replays/2ndRun\4e113276fa9244d3b8d10bbe1d694beb.SC2Replay
69,LiquidSnute,32,8373,1075,19,522,Z,0,replays/2ndRun\4e16af124b6045279da5dc89d494c115.SC2Replay
70,Lambo,24,11087,1350,21,514,Z,1,replays/2ndRun\4e16af124b6045279da5dc89d494c115.SC2Replay
71,GOStephano,78,41289,10575,174,872,Z,1,replays/2ndRun\4e18d474e55c41cd99506d6b48baf49d.SC2Replay
72,InZaNe,72,34280,5850,70,869,T,0,replays/2ndRun\4e18d474e55c41cd99506d6b48baf49d.SC2Replay
73,JJAKJI,60,16091,4225,50,748,T,0,replays/2ndRun\4e1bbc8dbcb74a65ab16970ab27c977c.SC2Replay
74,Zest,68,29087,1050,4,738,P,1,replays/2ndRun\4e1bbc8dbcb74a65ab16970ab27c977c.SC2Replay
75,Hjax,44,20591,800,4,518,P,0,replays/2ndRun\4e3cbe4fb00c45e1aa8bc2b03da77829.SC2Replay
76,TheWagon,50,19995,6000,81,739,Z,1,replays/2ndRun\4e3cbe4fb00c45e1aa8bc2b03da77829.SC2Replay
77,DnS,45,9113,600,3,421,P,1,replays/2ndRun\4e56e15004814adb8082dc4f8a022d2e.SC2Replay
78,RlSky,50,10993,1775,30,431,Z,0,replays/2ndRun\4e56e15004814adb8082dc4f8a022d2e.SC2Replay
79,GAMETIME,19,4609,1500,38,290,Z,0,replays/2ndRun\4e6cb06730cc4f40bac6f235ab2a021e.SC2Replay
80,iaguz,33,7204,750,5,344,T,1,replays/2ndRun\4e6cb06730cc4f40bac6f235ab2a021e.SC2Replay
81,PiG,33,6240,1250,20,328,Z,1,replays/2ndRun\4eea08a1b16c471ebcd14f7666bfb4b6.SC2Replay
82,iaguz,31,6396,800,12,328,T,0,replays/2ndRun\4eea08a1b16c471ebcd14f7666bfb4b6.SC2Replay
83,Happy,65,30368,5450,52,788,T,0,replays/2ndRun\4ef81385dd2a4fcdb1adc2085a58fffd.SC2Replay
84,hydra,69,36993,9550,71,878,Z,1,replays/2ndRun\4ef81385dd2a4fcdb1adc2085a58fffd.SC2Replay
85,TheoRy,58,19898,1750,7,599,P,1,replays/2ndRun\4f1f7f8a282e4118abd0d99da336cfab.SC2Replay
86,PengWin,52,20069,3450,65,602,Z,0,replays/2ndRun\4f1f7f8a282e4118abd0d99da336cfab.SC2Replay
87,Elazer,67,22679,8650,116,740,Z,0,replays/2ndRun\4f33a10497664b3b964977078bc34f1d.SC2Replay
88,PiLiPiLi,56,43683,5350,57,927,P,1,replays/2ndRun\4f33a10497664b3b964977078bc34f1d.SC2Replay
89,LiquidSnute,35,7520,1950,42,444,Z,0,replays/2ndRun\4f530904ca8143b8955458dd2787c01a.SC2Replay
90,Harstem,38,9400,1525,8,443,P,1,replays/2ndRun\4f530904ca8143b8955458dd2787c01a.SC2Replay
91,TheoRy,71,53079,10355,110,1144,P,1,replays/2ndRun\4f6d418579664df3ac409cd964b51d8a.SC2Replay
92,PengWin,74,92939,14725,117,1136,Z,0,replays/2ndRun\4f6d418579664df3ac409cd964b51d8a.SC2Replay
93,Dark,46,10106,2850,27,500,Z,1,replays/2ndRun\4f7abd8dcc80486f93a3027c9798b4e5.SC2Replay
94,Elazer,45,9536,3350,30,530,Z,0,replays/2ndRun\4f7abd8dcc80486f93a3027c9798b4e5.SC2Replay
95,Solar,50,8190,1875,31,513,Z,0,replays/2ndRun\4f7c5491d76f490abe3ef11813d98aa6.SC2Replay
96,Zest,53,12794,1025,5,522,P,1,replays/2ndRun\4f7c5491d76f490abe3ef11813d98aa6.SC2Replay
97,SLeet,23,3483,550,8,218,Z,1,replays/2ndRun\4f7cb91b3d364e1185f047a3a5704d29.SC2Replay
98,mLty,21,3261,100,1,210,T,0,replays/2ndRun\4f7cb91b3d364e1185f047a3a5704d29.SC2Replay
99,DnS,67,25850,1250,5,664,P,0,replays/2ndRun\4f980480e10445f7905a5278583b6978.SC2Replay
100,Serral,66,18325,3375,62,595,Z,1,replays/2ndRun\4f980480e10445f7905a5278583b6978.SC2Replay
101,Raze,68,54760,3400,10,926,P,1,replays/2ndRun\4faaf67bdbaf49e4855aede93bb2ad86.SC2Replay
102,THERIDDLER,62,25189,5800,62,748,T,0,replays/2ndRun\4faaf67bdbaf49e4855aede93bb2ad86.SC2Replay
103,TIME,41,16831,2825,37,696,T,0,replays/2ndRun\4fb00fc091c147c2afefa9a06047d05a.SC2Replay
104,iGiA,53,19594,3075,48,694,Z,1,replays/2ndRun\4fb00fc091c147c2afefa9a06047d05a.SC2Replay
105,TooDming,61,21579,2850,22,766,Z,1,replays/2ndRun\4fc26ef7c32c492f9708b36dad5c6110.SC2Replay
106,HeltEn,48,19545,1275,10,538,T,0,replays/2ndRun\4fc26ef7c32c492f9708b36dad5c6110.SC2Replay
107,Serral,44,10999,2200,37,449,Z,0,replays/2ndRun\4fd3e2a8fa1b4a44a4c02696098b7973.SC2Replay
108,Optimus,51,15713,1175,12,571,T,1,replays/2ndRun\4fd3e2a8fa1b4a44a4c02696098b7973.SC2Replay
109,YouRush,65,21311,2150,35,580,Z,0,replays/2ndRun\4fe447752a5146e8a754425252bcb29b.SC2Replay
110,Nice,61,26685,1400,5,606,P,1,replays/2ndRun\4fe447752a5146e8a754425252bcb29b.SC2Replay
111,TYTY,75,31898,6425,69,930,T,1,replays/2ndRun\4fe5c0b9b81b49578fee4dc67cd3dc8d.SC2Replay
112,OGZest,69,55702,3250,11,1033,P,0,replays/2ndRun\4fe5c0b9b81b49578fee4dc67cd3dc8d.SC2Replay
113,Azure,66,34101,4050,64,798,T,0,replays/2ndRun\4fe6c4dd7dad4bb3ae061cce5d825bf0.SC2Replay
114,PiG,88,41445,11350,188,830,Z,1,replays/2ndRun\4fe6c4dd7dad4bb3ae061cce5d825bf0.SC2Replay
115,Clem,80,27363,7900,77,923,T,0,replays/2ndRun\4fef11e0656f489d8b78e470a3f57e82.SC2Replay
116,RiSky,87,90915,11825,155,1149,Z,1,replays/2ndRun\4fef11e0656f489d8b78e470a3f57e82.SC2Replay
117,MaNa,39,12337,525,3,433,P,0,replays/2ndRun\4ff2eb99c7d34495b6c5b16ab85fa516.SC2Replay
118,Dark,48,10581,2300,22,465,Z,1,replays/2ndRun\4ff2eb99c7d34495b6c5b16ab85fa516.SC2Replay
119,jheffe,73,48396,5200,59,877,T,0,replays/2ndRun\4ff94041fa2c4e608a372c0b35bfbc40.SC2Replay
120,Silky,80,51150,8925,133,893,Z,1,replays/2ndRun\4ff94041fa2c4e608a372c0b35bfbc40.SC2Replay
121,LiquidSnute,16,3124,1350,30,266,Z,0,replays/2ndRun\4ffc3a37260f43ecb47afd396c169365.SC2Replay
122,TSGSolar,26,4203,1000,14,269,Z,1,replays/2ndRun\4ffc3a37260f43ecb47afd396c169365.SC2Replay
123,Guru,56,17359,4800,52,666,Z,0,replays/2ndRun\5a05a83456e340c39147566af60902f1.SC2Replay
124,Patience,61,18025,500,3,625,P,1,replays/2ndRun\5a05a83456e340c39147566af60902f1.SC2Replay
125,Neeb,74,47335,5275,17,1002,P,1,replays/2ndRun\5a0cd7c7f1d640f2a111a9b2d81d6ba0.SC2Replay
126,ShoWTimE,73,45044,4700,17,1059,P,0,replays/2ndRun\5a0cd7c7f1d640f2a111a9b2d81d6ba0.SC2Replay
127,Ninja,20,1336,0,0,156,P,0,replays/2ndRun\5a1f37632ab94e18936e33ec9900c87a.SC2Replay
128,GogojOey,18,3359,700,14,218,Z,1,replays/2ndRun\5a1f37632ab94e18936e33ec9900c87a.SC2Replay
129,LiquidSnute,37,7599,1300,13,404,Z,1,replays/2ndRun\5a2cfb44ea5448a280c75a9c20ea9965.SC2Replay
130,LiquidTLO,32,8937,1125,12,413,Z,0,replays/2ndRun\5a2cfb44ea5448a280c75a9c20ea9965.SC2Replay
131,PiG,41,6796,1175,14,355,Z,1,replays/2ndRun\5a2f1b967320489590f89ce1cd9e5435.SC2Replay
132,iaguz,36,8375,850,9,364,T,0,replays/2ndRun\5a2f1b967320489590f89ce1cd9e5435.SC2Replay
133,Pono,19,4705,800,13,240,Z,1,replays/2ndRun\5a3e7aa3f0ad4aa080bba88b65f42f1d.SC2Replay
134,benttwig,21,4131,600,10,227,Z,0,replays/2ndRun\5a3e7aa3f0ad4aa080bba88b65f42f1d.SC2Replay
135,Nerchio,73,26716,8700,99,806,Z,1,replays/2ndRun\5a5328f50427422a8d5f50a7033cd06e.SC2Replay
136,Kelazhur,65,30789,5825,73,810,T,0,replays/2ndRun\5a5328f50427422a8d5f50a7033cd06e.SC2Replay
137,Solar,38,6746,1250,13,334,Z,1,replays/2ndRun\5a555a2a01c4400396a41f4152e78f02.SC2Replay
138,Patience,41,6867,700,4,343,P,0,replays/2ndRun\5a555a2a01c4400396a41f4152e78f02.SC2Replay
139,Scarlett,48,18365,3725,35,603,Z,1,replays/2ndRun\5a598bc081ef4a458152f27881deca42.SC2Replay
140,AxImpact,41,13129,4600,38,615,Z,0,replays/2ndRun\5a598bc081ef4a458152f27881deca42.SC2Replay
141,Silky,80,29144,8650,75,751,Z,1,replays/2ndRun\5a5addef396045b9bb601925ed074b1d.SC2Replay
142,jheffe,65,36720,4000,56,751,T,0,replays/2ndRun\5a5addef396045b9bb601925ed074b1d.SC2Replay
143,qbeN,57,27397,1675,7,668,P,1,replays/2ndRun\5a6d90e793bb44fa9f7eaf16931322bd.SC2Replay
144,WhiteWolf,46,31722,3250,41,671,T,0,replays/2ndRun\5a6d90e793bb44fa9f7eaf16931322bd.SC2Replay
145,FireCake,69,36974,5850,53,894,Z,0,replays/2ndRun\5a7824a0386242bda48976a3504ae196.SC2Replay
146,Has,57,21824,500,3,638,P,1,replays/2ndRun\5a7824a0386242bda48976a3504ae196.SC2Replay
147,Mana,42,10564,1525,8,497,P,1,replays/2ndRun\5a7a410de4ec4a20807596b381e7f586.SC2Replay
148,Future,38,13047,1675,12,507,T,0,replays/2ndRun\5a7a410de4ec4a20807596b381e7f586.SC2Replay
149,Harstem,67,16468,1075,5,574,P,0,replays/2ndRun\5a7bdbfc573a4551997ec0e48f27fc6e.SC2Replay
150,GOStephano,69,23621,3425,43,590,Z,1,replays/2ndRun\5a7bdbfc573a4551997ec0e48f27fc6e.SC2Replay
151,liquidthermy,67,22458,7425,93,860,T,1,replays/2ndRun\5a9ea1cf006644189bdd9b3008009b00.SC2Replay
152,Neeblet,73,35872,3350,10,830,P,0,replays/2ndRun\5a9ea1cf006644189bdd9b3008009b00.SC2Replay
153,Happy,63,36205,7475,79,855,T,1,replays/2ndRun\5aa05a57775d4aee9948fe128a34e0e5.SC2Replay
154,SortOf,66,45325,10050,112,851,Z,0,replays/2ndRun\5aa05a57775d4aee9948fe128a34e0e5.SC2Replay
155,JonSnow,72,35290,7550,61,1137,Z,0,replays/2ndRun\5aca990be1ea42bd9b8115cba909e4ef.SC2Replay
156,uThermal,66,40167,6500,38,1019,T,1,replays/2ndRun\5aca990be1ea42bd9b8115cba909e4ef.SC2Replay
157,CMStormPolt,63,19719,4700,55,710,T,1,replays/2ndRun\5ae5701fa20d4bb0b0a597ee9e5bae3e.SC2Replay
158,Lambo,68,25462,8625,71,708,Z,0,replays/2ndRun\5ae5701fa20d4bb0b0a597ee9e5bae3e.SC2Replay
159,Neeb,42,10095,200,1,439,P,1,replays/2ndRun\5ae8ab20ddb44714a43466341d806bc9.SC2Replay
160,MaNa,32,10474,725,4,442,P,0,replays/2ndRun\5ae8ab20ddb44714a43466341d806bc9.SC2Replay
161,MCanning,66,42052,2950,11,1050,P,1,replays/2ndRun\5af6c0d61ea0414c98b5c0d3b15fb664.SC2Replay
162,GAMETIME,67,24998,6900,65,1049,Z,0,replays/2ndRun\5af6c0d61ea0414c98b5c0d3b15fb664.SC2Replay
163,InZaNe,31,7265,1250,8,393,T,0,replays/2ndRun\5af6c9a896834eec8a6f9a4872e844a4.SC2Replay
164,Clem,34,9290,1700,10,421,T,1,replays/2ndRun\5af6c9a896834eec8a6f9a4872e844a4.SC2Replay
165,Serral,23,8522,1775,36,421,Z,0,replays/2ndRun\5b06f35834b4487e961da45b07917e58.SC2Replay
166,Nerchio,33,6344,2650,25,487,Z,1,replays/2ndRun\5b06f35834b4487e961da45b07917e58.SC2Replay
167,INnoVation,69,49053,6550,59,1090,T,0,replays/2ndRun\5b0763c7406444dd9dbfc528977f6edf.SC2Replay
168,RAIL,73,63209,5875,19,1046,P,1,replays/2ndRun\5b0763c7406444dd9dbfc528977f6edf.SC2Replay
169,JJAKJI,54,12245,2350,34,587,T,1,replays/2ndRun\5b07e50ec09141379d2419d452514b39.SC2Replay
170,PtitDrogo,65,15300,1225,6,532,P,0,replays/2ndRun\5b07e50ec09141379d2419d452514b39.SC2Replay
171,Reynor,26,4344,1375,28,375,Z,1,replays/2ndRun\5b12cdede61a42f7885930051e7ffa5c.SC2Replay
172,iAsonu,37,6895,900,14,372,Z,0,replays/2ndRun\5b12cdede61a42f7885930051e7ffa5c.SC2Replay
173,Beez,32,9062,1350,21,405,Z,0,replays/2ndRun\5b26a56f95c743ca9f47a4d1cac49997.SC2Replay
174,Bly,36,7911,1700,31,381,Z,1,replays/2ndRun\5b26a56f95c743ca9f47a4d1cac49997.SC2Replay
175,Elazer,33,4391,1050,11,294,Z,0,replays/2ndRun\5b2d3fc22b1e4fcc9085ccfc95f57e5c.SC2Replay
176,TYTY,28,4670,350,4,289,T,0,replays/2ndRun\5b2d3fc22b1e4fcc9085ccfc95f57e5c.SC2Replay
177,LiquidTLO,64,19085,6400,127,680,Z,1,replays/2ndRun\5b44be67b42c4fcf83f8612f7fee6d50.SC2Replay
178,liquidthermy,56,19062,4225,53,710,T,0,replays/2ndRun\5b44be67b42c4fcf83f8612f7fee6d50.SC2Replay
179,Stats,57,15882,1275,6,540,P,1,replays/2ndRun\5b4f9d6327044b07910fba3db0c9d1f8.SC2Replay
180,Nerchio,64,10150,1750,15,487,Z,0,replays/2ndRun\5b4f9d6327044b07910fba3db0c9d1f8.SC2Replay
181,Impact,19,3610,600,15,259,Z,1,replays/2ndRun\5b7e542d84154f1da031859bbf8e578e.SC2Replay
182,losira,18,4965,1075,25,331,Z,0,replays/2ndRun\5b7e542d84154f1da031859bbf8e578e.SC2Replay
183,Semper,69,30200,4675,47,720,T,1,replays/2ndRun\5b842fbb164a485bbe3a9b52198eed06.SC2Replay
184,NoRegreT,60,20359,4000,76,615,Z,0,replays/2ndRun\5b842fbb164a485bbe3a9b52198eed06.SC2Replay
185,Poizon,33,6922,175,1,346,P,0,replays/2ndRun\5b99e3c38dd949b7a3c088c046f1e8d2.SC2Replay
186,GogojOey,43,6959,1650,21,373,Z,1,replays/2ndRun\5b99e3c38dd949b7a3c088c046f1e8d2.SC2Replay
187,TIME,22,3018,150,2,196,T,0,replays/2ndRun\5ba7f08bbdfb476cbaeb6baf27093bfe.SC2Replay
188,NoRegreT,16,3205,800,18,227,Z,1,replays/2ndRun\5ba7f08bbdfb476cbaeb6baf27093bfe.SC2Replay
189,Serral,46,12984,4500,57,602,Z,0,replays/2ndRun\5bb4472a37244316bf4e0b2d766d68eb.SC2Replay
190,llllllllllll,61,14763,1950,7,568,P,1,replays/2ndRun\5bb4472a37244316bf4e0b2d766d68eb.SC2Replay
191,DnS,34,5586,500,2,320,P,0,replays/2ndRun\5bd2f024c489458ca6c1af7980c120a9.SC2Replay
192,RlSky,42,12445,1275,15,420,Z,1,replays/2ndRun\5bd2f024c489458ca6c1af7980c120a9.SC2Replay
193,uThermal,62,22941,3450,39,705,T,1,replays/2ndRun\5be2329a089c434b8d22fd7338510dd5.SC2Replay
194,BackupC,44,23683,3175,32,690,T,0,replays/2ndRun\5be2329a089c434b8d22fd7338510dd5.SC2Replay
195,PtitDrogo,43,12418,1500,8,525,P,1,replays/2ndRun\5bf3e3aa137d45be8459d48ddc505db2.SC2Replay
196,HaPe,33,11709,1825,9,520,P,0,replays/2ndRun\5bf3e3aa137d45be8459d48ddc505db2.SC2Replay
197,PiG,76,73598,9925,76,1007,Z,0,replays/2ndRun\5bf8ae102d6e460fb642d574a3c7ff90.SC2Replay
198,NoPinSea,63,40081,4100,14,975,P,1,replays/2ndRun\5bf8ae102d6e460fb642d574a3c7ff90.SC2Replay
199,ByuN,48,36292,6925,74,826,T,0,replays/2ndRun\5c3877648d404241a0263b4e453fb10d.SC2Replay
200,Ryung,52,36155,7350,71,832,T,1,replays/2ndRun\5c3877648d404241a0263b4e453fb10d.SC2Replay
201,Guru,60,21630,6825,73,624,Z,0,replays/2ndRun\5c3f3dbab67740b0a07c21d6d0d7eade.SC2Replay
202,MaNa,56,30249,1325,6,671,P,1,replays/2ndRun\5c3f3dbab67740b0a07c21d6d0d7eade.SC2Replay
203,Elazer,51,15267,3850,76,623,Z,0,replays/2ndRun\5c5062705f234f7f9fa9b6f43fabcb54.SC2Replay
204,souL,55,12354,2500,34,619,T,1,replays/2ndRun\5c5062705f234f7f9fa9b6f43fabcb54.SC2Replay
205,LiquidTLO,54,22395,6400,60,829,Z,0,replays/2ndRun\5c93ede22ac24d7e8db0c9e36b488cd9.SC2Replay
206,BLY,68,34153,10500,72,831,Z,1,replays/2ndRun\5c93ede22ac24d7e8db0c9e36b488cd9.SC2Replay
207,SortOf,89,64541,14325,103,1009,Z,0,replays/2ndRun\5cb5e8dff00c49b0b2577959b29b619d.SC2Replay
208,PiLiPiLi,73,63082,11785,99,1039,P,1,replays/2ndRun\5cb5e8dff00c49b0b2577959b29b619d.SC2Replay
209,LiquidSnute,40,408696,17100,97,1694,Z,1,replays/2ndRun\5cb811b3c635488daae5ef8e5b7d3705.SC2Replay
210,aLive,69,77450,10850,93,1262,T,0,replays/2ndRun\5cb811b3c635488daae5ef8e5b7d3705.SC2Replay
211,Namshar,62,16656,3050,22,521,Z,1,replays/2ndRun\5cca3606813c4c29a09aa9498f004aca.SC2Replay
212,Serphim,42,20620,200,1,513,P,0,replays/2ndRun\5cca3606813c4c29a09aa9498f004aca.SC2Replay
213,PtitDrogo,45,18767,1675,9,577,P,1,replays/2ndRun\5ce22eb001b44efc9d8fb252dd38b6ec.SC2Replay
214,OGZest,48,27043,1550,9,646,P,0,replays/2ndRun\5ce22eb001b44efc9d8fb252dd38b6ec.SC2Replay
215,HeroMarine,73,35807,10900,79,968,T,1,replays/2ndRun\5d109025c1294f4b8ed3e4ea0d12b93c.SC2Replay
216,PtitDrogo,77,43693,3750,12,933,P,0,replays/2ndRun\5d109025c1294f4b8ed3e4ea0d12b93c.SC2Replay
217,Patience,30,9840,700,5,338,P,0,replays/2ndRun\5d3445cb257841e8921b7899a360cd85.SC2Replay
218,TRUE,30,6985,1550,27,398,Z,1,replays/2ndRun\5d3445cb257841e8921b7899a360cd85.SC2Replay
219,HuK,39,11083,200,1,392,P,0,replays/2ndRun\5d3489cee83c461a898339f3700b3ac8.SC2Replay
220,Nerchio,35,7592,1875,28,406,Z,1,replays/2ndRun\5d3489cee83c461a898339f3700b3ac8.SC2Replay
221,JJAKJI,43,9522,1425,20,458,T,1,replays/2ndRun\5d58bbc1b5e149d48264d4e6a936504c.SC2Replay
222,PtitDrogo,45,10200,450,4,379,P,0,replays/2ndRun\5d58bbc1b5e149d48264d4e6a936504c.SC2Replay
223,Snute,73,110147,12100,76,1040,Z,1,replays/2ndRun\5d64a3c3efde4379bce0e551eacacb11.SC2Replay
224,Kelazhur,66,45873,7950,102,902,T,0,replays/2ndRun\5d64a3c3efde4379bce0e551eacacb11.SC2Replay
225,viOLet,76,40796,9300,137,846,Z,1,replays/2ndRun\5d872b47df4c40148bcdc44248009154.SC2Replay
226,CMStormPolt,63,45335,5150,59,846,T,0,replays/2ndRun\5d872b47df4c40148bcdc44248009154.SC2Replay
227,Harstem,37,10100,850,6,453,P,0,replays/2ndRun\5d8d93f5fda94eb499031f4a390b12e0.SC2Replay
228,Neeb,37,9944,1025,6,398,P,1,replays/2ndRun\5d8d93f5fda94eb499031f4a390b12e0.SC2Replay
229,Semper,50,18536,3475,37,591,T,1,replays/2ndRun\5da12e594a0b401b8d9dc0c0a782e25e.SC2Replay
230,Cyan,49,17778,2075,7,604,P,0,replays/2ndRun\5da12e594a0b401b8d9dc0c0a782e25e.SC2Replay
231,LiquidSnute,50,23752,5450,39,573,Z,1,replays/2ndRun\5dab8a38fba943a6834bfb4c756ed8bb.SC2Replay
232,Lilbow,56,16701,500,3,530,P,0,replays/2ndRun\5dab8a38fba943a6834bfb4c756ed8bb.SC2Replay
233,ShoWTimE,69,24655,1775,7,700,P,1,replays/2ndRun\5dc9c85b1a554638afb33df33591ce88.SC2Replay
234,ExpecT,49,21088,3700,44,606,T,0,replays/2ndRun\5dc9c85b1a554638afb33df33591ce88.SC2Replay
235,DisK,44,13553,225,2,506,P,0,replays/2ndRun\5df54aed020e421dae90022ba9ef29e5.SC2Replay
236,Semper,45,13758,1775,16,504,T,1,replays/2ndRun\5df54aed020e421dae90022ba9ef29e5.SC2Replay
237,Nerchio,35,6078,1200,15,368,Z,1,replays/2ndRun\5dfc80cac9684718ba41e7bcf210ece1.SC2Replay
238,Impact,27,4903,1150,16,377,Z,0,replays/2ndRun\5dfc80cac9684718ba41e7bcf210ece1.SC2Replay
239,Serral,27,5749,1300,26,373,Z,0,replays/2ndRun\5dfeaf0b5f66457fbb61c6bff6053602.SC2Replay
240,LiquidTLO,21,6471,1625,43,382,Z,1,replays/2ndRun\5dfeaf0b5f66457fbb61c6bff6053602.SC2Replay
241,HeRoMaRinE,47,16511,3225,44,573,T,0,replays/2ndRun\5e09c473cab846828e90d940db1dee34.SC2Replay
242,herO,60,15430,2600,11,576,P,1,replays/2ndRun\5e09c473cab846828e90d940db1dee34.SC2Replay
243,iAsonu,68,29570,3600,58,668,Z,1,replays/2ndRun\5e2403f57f0645f880fe776df74b7b1a.SC2Replay
244,SpeCial,45,20481,3000,32,664,T,0,replays/2ndRun\5e2403f57f0645f880fe776df74b7b1a.SC2Replay
245,Raze,47,19240,2100,17,581,T,0,replays/2ndRun\5e3daaba4e464736b32cf509c93a7537.SC2Replay
246,CatZ,60,17744,2575,49,586,Z,1,replays/2ndRun\5e3daaba4e464736b32cf509c93a7537.SC2Replay
247,LiquidSnute,35,19522,3350,50,682,Z,0,replays/2ndRun\5e64c2ce9c924227b6062f8c768a6733.SC2Replay
248,Zanster,56,27438,2650,54,841,Z,1,replays/2ndRun\5e64c2ce9c924227b6062f8c768a6733.SC2Replay
249,Kelazhur,37,7629,400,7,343,T,0,replays/2ndRun\5e702579bd2e415e92f6988997767e90.SC2Replay
250,Time,32,6693,925,10,341,T,1,replays/2ndRun\5e702579bd2e415e92f6988997767e90.SC2Replay
251,Scarlett,32,7460,1500,15,351,Z,1,replays/2ndRun\5e71940ce4a6455386335d4081d57231.SC2Replay
252,Serral,42,6165,900,8,350,Z,0,replays/2ndRun\5e71940ce4a6455386335d4081d57231.SC2Replay
253,uThermal,55,21294,2925,31,658,T,1,replays/2ndRun\5e7574f4266046b796f7fdb6a46125b8.SC2Replay
254,viOLet,66,23897,3725,40,661,Z,0,replays/2ndRun\5e7574f4266046b796f7fdb6a46125b8.SC2Replay
255,Namshar,42,7552,1875,31,407,Z,0,replays/2ndRun\5e8fa8516fac4ce5beb5fc6bd7159a8e.SC2Replay
256,Solar,51,6327,1625,25,408,Z,1,replays/2ndRun\5e8fa8516fac4ce5beb5fc6bd7159a8e.SC2Replay
257,aLive,63,60580,9550,95,1131,T,1,replays/2ndRun\5ec77be0433c4370bc76389bd1085099.SC2Replay
258,INnoVation,68,45912,8975,81,1083,T,0,replays/2ndRun\5ec77be0433c4370bc76389bd1085099.SC2Replay
259,PengWin,42,19776,3325,45,618,Z,1,replays/2ndRun\5ed3d4de7a24429098834e1886f949fa.SC2Replay
260,eonblu,38,17539,5050,80,616,Z,0,replays/2ndRun\5ed3d4de7a24429098834e1886f949fa.SC2Replay
261,Elazer,62,11694,2075,32,493,Z,0,replays/2ndRun\5ee29b973e044d25905550438cd667b1.SC2Replay
262,Stats,64,16502,2525,9,572,P,1,replays/2ndRun\5ee29b973e044d25905550438cd667b1.SC2Replay
263,Zest,53,16596,2700,13,564,P,1,replays/2ndRun\5ee664c017c040b9b011a2572057a64c.SC2Replay
264,TRUE,61,16676,4000,56,562,Z,0,replays/2ndRun\5ee664c017c040b9b011a2572057a64c.SC2Replay
265,LiquidSnute,64,13692,4475,81,558,Z,0,replays/2ndRun\5efb131118cf4086816611fbd10a0170.SC2Replay
266,lIIllllIIlll,47,11208,3375,45,558,T,1,replays/2ndRun\5efb131118cf4086816611fbd10a0170.SC2Replay
267,Creature,54,18604,1800,8,599,P,0,replays/2ndRun\5efcb9b79d4e4aa0944777a7309a9d4a.SC2Replay
268,HuShang,46,15934,2250,12,559,P,1,replays/2ndRun\5efcb9b79d4e4aa0944777a7309a9d4a.SC2Replay
269,Scarlett,21,4368,925,18,266,Z,1,replays/2ndRun\5f104596674145709a0d8a4487ad6950.SC2Replay
270,FeaR,27,5277,350,3,241,P,0,replays/2ndRun\5f104596674145709a0d8a4487ad6950.SC2Replay
271,Stats,46,13026,1475,8,525,P,1,replays/2ndRun\5f1a2fbd7e684863940e89a2c700f425.SC2Replay
272,Neeb,45,14523,1325,7,517,P,0,replays/2ndRun\5f1a2fbd7e684863940e89a2c700f425.SC2Replay
273,daydrA,36,13128,1800,20,556,Z,0,replays/2ndRun\5f2cbbd244774d298d1a7e35565f24a7.SC2Replay
274,Harstem,44,11209,1000,5,549,P,1,replays/2ndRun\5f2cbbd244774d298d1a7e35565f24a7.SC2Replay
275,Nerchio,15,3879,950,19,294,Z,1,replays/2ndRun\5f4869f4469a44f29a79e01e9fc0a9c2.SC2Replay
276,MarineLorD,19,3111,500,5,260,T,0,replays/2ndRun\5f4869f4469a44f29a79e01e9fc0a9c2.SC2Replay
277,Has,46,11098,275,2,537,P,0,replays/2ndRun\5f82094348554f18890cc5a6569caba1.SC2Replay
278,TIME,43,14510,1400,15,542,T,1,replays/2ndRun\5f82094348554f18890cc5a6569caba1.SC2Replay
279,MaSa,16,1330,150,3,176,T,0,replays/2ndRun\5f887a62ba204b019869af69bfc6e8af.SC2Replay
280,Serral,18,1761,600,10,180,Z,1,replays/2ndRun\5f887a62ba204b019869af69bfc6e8af.SC2Replay
281,herO,60,24937,1925,8,705,P,0,replays/2ndRun\5f8c73dd7460499d894c2ec83fba2bba.SC2Replay
282,ByuN,48,21949,3550,42,706,T,1,replays/2ndRun\5f8c73dd7460499d894c2ec83fba2bba.SC2Replay
283,NXZ,44,6963,2300,16,410,Z,0,replays/2ndRun\5fa1fbb85d33480081607cc6f1dbe2f7.SC2Replay
284,iaguz,44,8499,725,10,414,T,1,replays/2ndRun\5fa1fbb85d33480081607cc6f1dbe2f7.SC2Replay
285,PtitDrogo,69,50583,2775,10,773,P,0,replays/2ndRun\5fb3e14cbe554488bb3058532ffb14f3.SC2Replay
286,iAsonu,68,37190,8575,74,779,Z,1,replays/2ndRun\5fb3e14cbe554488bb3058532ffb14f3.SC2Replay
287,Neeb,43,11296,1500,7,495,P,0,replays/2ndRun\5fccffd26d374f08808d058f7f1280cb.SC2Replay
288,Stats,43,16227,1475,9,491,P,1,replays/2ndRun\5fccffd26d374f08808d058f7f1280cb.SC2Replay
289,Ethereal,34,6775,1150,16,379,Z,0,replays/2ndRun\5fd548d2b1864439a3b4580c4a9df150.SC2Replay
290,Daydreamer,37,6096,925,5,348,P,1,replays/2ndRun\5fd548d2b1864439a3b4580c4a9df150.SC2Replay
291,souL,39,9124,1400,12,472,T,0,replays/2ndRun\5fee0cfe354b43f78fe10a0b90fcb2a0.SC2Replay
292,Dayshi,46,10040,1425,12,481,T,1,replays/2ndRun\5fee0cfe354b43f78fe10a0b90fcb2a0.SC2Replay
293,PiLiPiLi,49,20649,1525,6,513,P,1,replays/2ndRun\6a27882264c24c58b4d21eab97184286.SC2Replay
294,PandaBearMe,55,14684,3775,52,518,Z,0,replays/2ndRun\6a27882264c24c58b4d21eab97184286.SC2Replay
295,Neeb,63,24458,2000,7,684,P,1,replays/2ndRun\6a328c10f8784e6eb1c6369a52f31e9a.SC2Replay
296,Reynor,48,17121,5675,83,683,Z,0,replays/2ndRun\6a328c10f8784e6eb1c6369a52f31e9a.SC2Replay
297,PtitDrogo,65,33316,1400,7,679,P,0,replays/2ndRun\6a42f04aed0b4ea39b5311a03473c79d.SC2Replay
298,MarineLorD,72,25096,2025,22,725,T,1,replays/2ndRun\6a42f04aed0b4ea39b5311a03473c79d.SC2Replay
299,DnS,61,13200,1000,5,523,P,1,replays/2ndRun\6a7dedef10754304ac6eb491a0919f54.SC2Replay
300,Seither,50,12717,1800,21,524,T,0,replays/2ndRun\6a7dedef10754304ac6eb491a0919f54.SC2Replay
301,Elazer,34,9510,4650,52,483,Z,1,replays/2ndRun\6a8d16ee02f44333984be91407d7df42.SC2Replay
302,Zanster,36,7504,4600,46,485,Z,0,replays/2ndRun\6a8d16ee02f44333984be91407d7df42.SC2Replay
303,Lambo,68,17106,3250,27,569,Z,1,replays/2ndRun\6aa600e269b54137af73956acf456ac2.SC2Replay
304,Harstem,67,16147,1250,6,548,P,0,replays/2ndRun\6aa600e269b54137af73956acf456ac2.SC2Replay
305,puCK,55,52195,1600,6,996,P,0,replays/2ndRun\6ae8167eb9934ab3a87754a16dcc8fbd.SC2Replay
306,uThermal,55,44034,5525,49,989,T,1,replays/2ndRun\6ae8167eb9934ab3a87754a16dcc8fbd.SC2Replay
307,Bly,61,12787,1950,17,536,Z,0,replays/2ndRun\6af26ac807724b8ab3ad4f193e985c0e.SC2Replay
308,Namshar,59,15383,2950,26,524,Z,1,replays/2ndRun\6af26ac807724b8ab3ad4f193e985c0e.SC2Replay
309,Elazer,51,40437,5950,49,815,Z,1,replays/2ndRun\6af29eeb217a48f4be58a2014859f864.SC2Replay
310,uThermal,38,23664,2175,24,809,T,0,replays/2ndRun\6af29eeb217a48f4be58a2014859f864.SC2Replay
311,Zest,44,6479,850,4,380,P,1,replays/2ndRun\6afbabf46f784275821301dea6fb3745.SC2Replay
312,Scarlett,50,8535,1700,21,413,Z,0,replays/2ndRun\6afbabf46f784275821301dea6fb3745.SC2Replay
313,LiquidMaNa,52,15558,1250,6,521,P,1,replays/2ndRun\6afffe6e748f4fe4a569ec9d478aecbd.SC2Replay
314,LiquidTLO,50,9687,5550,50,558,Z,0,replays/2ndRun\6afffe6e748f4fe4a569ec9d478aecbd.SC2Replay
315,herO,24,4969,575,4,268,P,1,replays/2ndRun\6b03a1273df74592b75812a99deed835.SC2Replay
316,sOs,25,5851,550,3,265,P,0,replays/2ndRun\6b03a1273df74592b75812a99deed835.SC2Replay
317,RlSky,39,10243,2625,42,472,Z,0,replays/2ndRun\6b0d4e92cb174f0e8943c03653b50c12.SC2Replay
318,llllllllllll,49,12325,1400,6,465,P,1,replays/2ndRun\6b0d4e92cb174f0e8943c03653b50c12.SC2Replay
319,Nerchio,40,7851,2300,18,526,Z,1,replays/2ndRun\6b2706771d8248779a7ce0a6084cf950.SC2Replay
320,SortOf,28,17036,3125,31,523,Z,0,replays/2ndRun\6b2706771d8248779a7ce0a6084cf950.SC2Replay
321,Serral,57,16700,2450,19,630,Z,0,replays/2ndRun\6b323369f113498ea2cd40a483302574.SC2Replay
322,Lambo,53,21394,4100,41,629,Z,1,replays/2ndRun\6b323369f113498ea2cd40a483302574.SC2Replay
323,NoPinSea,66,26492,2075,11,693,P,0,replays/2ndRun\6b3834324f984ee8b45d7cb2fbee1d5b.SC2Replay
324,iaguz,72,45105,7125,74,944,T,1,replays/2ndRun\6b3834324f984ee8b45d7cb2fbee1d5b.SC2Replay
325,LiquidSnute,27,4175,925,13,272,Z,1,replays/2ndRun\6b3c423224c849a1b5e03bd8b73ad34d.SC2Replay
326,Bly,27,4442,800,10,266,Z,0,replays/2ndRun\6b3c423224c849a1b5e03bd8b73ad34d.SC2Replay
327,Snute,36,5975,2150,22,378,Z,0,replays/2ndRun\6b467eb5967d4f3facef5e407881ad5c.SC2Replay
328,herO,38,7488,375,3,364,P,1,replays/2ndRun\6b467eb5967d4f3facef5e407881ad5c.SC2Replay
329,MeomaikA,70,46308,9050,81,1149,Z,1,replays/2ndRun\6b56057b9ee446c789d262e59c9d18d1.SC2Replay
330,Maru,57,34907,4050,43,1154,T,0,replays/2ndRun\6b56057b9ee446c789d262e59c9d18d1.SC2Replay
331,iAsonu,63,9937,1975,17,450,Z,0,replays/2ndRun\6b575553492840bf9a73dec4dde46372.SC2Replay
332,PtitDrogo,49,10400,900,5,442,P,1,replays/2ndRun\6b575553492840bf9a73dec4dde46372.SC2Replay
333,NightEnD,67,21579,1675,7,590,P,0,replays/2ndRun\6b67441be97c413f95f9ced6c7b6dc13.SC2Replay
334,Namshar,71,30773,8425,88,715,Z,1,replays/2ndRun\6b67441be97c413f95f9ced6c7b6dc13.SC2Replay
335,LiquidTLO,46,6577,1850,38,443,Z,0,replays/2ndRun\6b8a0746f6aa4856bac6583feeb81fd3.SC2Replay
336,Stats,46,11014,1175,5,444,P,1,replays/2ndRun\6b8a0746f6aa4856bac6583feeb81fd3.SC2Replay
337,Kelazhur,30,8145,500,5,348,T,1,replays/2ndRun\6b9af10595984465a2248434a02c2ab4.SC2Replay
338,ShahriarDeMi,25,8155,725,6,348,T,0,replays/2ndRun\6b9af10595984465a2248434a02c2ab4.SC2Replay
339,PtitDrogo,52,22349,1100,6,566,P,0,replays/2ndRun\6ba2f17d6f6648a996dd2b7849770ee0.SC2Replay
340,soO,63,15722,4100,46,571,Z,1,replays/2ndRun\6ba2f17d6f6648a996dd2b7849770ee0.SC2Replay
341,LiquidSnute,44,7300,1200,16,417,Z,1,replays/2ndRun\6bc38674af2147b8b1043dec71d02d23.SC2Replay
342,Zanster,34,7952,1800,23,425,Z,0,replays/2ndRun\6bc38674af2147b8b1043dec71d02d23.SC2Replay
343,Guru,40,12318,2375,49,577,Z,1,replays/2ndRun\6bc556a16f484f5ab6009f858f9a5fdb.SC2Replay
344,Scarlett,35,7535,1600,32,373,Z,0,replays/2ndRun\6bc556a16f484f5ab6009f858f9a5fdb.SC2Replay
345,iGXiGua,26,4634,800,10,266,Z,0,replays/2ndRun\6bc73b23008c4e71af70c2b31d0fcab7.SC2Replay
346,ZooWhaleTail,29,6310,900,9,273,Z,1,replays/2ndRun\6bc73b23008c4e71af70c2b31d0fcab7.SC2Replay
347,ByuN,43,10178,1675,24,440,T,0,replays/2ndRun\6bd208759843465c94b0e15085bdc509.SC2Replay
348,sOs,51,18965,450,3,511,P,1,replays/2ndRun\6bd208759843465c94b0e15085bdc509.SC2Replay
349,Stats,42,19174,800,4,590,P,1,replays/2ndRun\6be83ca8eccc4e40b5f9f6861eb8fff2.SC2Replay
350,DeMusliM,40,14339,1750,26,603,T,0,replays/2ndRun\6be83ca8eccc4e40b5f9f6861eb8fff2.SC2Replay
351,Polt,69,29074,4800,60,794,T,1,replays/2ndRun\6bf376ee1c494c0ba0e8d30b01e8fccb.SC2Replay
352,Nerchio,70,36792,7400,59,815,Z,0,replays/2ndRun\6bf376ee1c494c0ba0e8d30b01e8fccb.SC2Replay
353,YouRush,78,30012,4550,41,668,Z,0,replays/2ndRun\6c1306ed1ea24bb585e2e6c1600d5032.SC2Replay
354,FWHas,74,34568,5750,22,725,P,1,replays/2ndRun\6c1306ed1ea24bb585e2e6c1600d5032.SC2Replay
355,Harstem,46,13287,2850,11,584,P,0,replays/2ndRun\6c2b9465d6954f27bfe52e86048501e0.SC2Replay
356,Neeb,54,14737,1100,6,583,P,1,replays/2ndRun\6c2b9465d6954f27bfe52e86048501e0.SC2Replay
357,uThermal,32,4983,600,11,323,T,1,replays/2ndRun\6c912ce5b5d04b16a7e45c54f0249aff.SC2Replay
358,miwa,25,5043,1250,25,332,Z,0,replays/2ndRun\6c912ce5b5d04b16a7e45c54f0249aff.SC2Replay
359,LiquidSnute,76,16607,3075,39,567,Z,1,replays/2ndRun\6cb39abbe5b94ec9943a30b4272a61e2.SC2Replay
360,JJAKJI,47,16073,1050,13,578,T,0,replays/2ndRun\6cb39abbe5b94ec9943a30b4272a61e2.SC2Replay
361,Dana,62,15307,5900,58,621,Z,1,replays/2ndRun\6cb6138e6ae74d4dacf211b3d5c74651.SC2Replay
362,DnS,66,15352,1975,10,588,P,0,replays/2ndRun\6cb6138e6ae74d4dacf211b3d5c74651.SC2Replay
363,Semper,48,13508,1600,16,496,T,1,replays/2ndRun\6cba0a637d414eb0ac2140dea8c00d64.SC2Replay
364,GogojOey,67,10968,1975,27,488,Z,0,replays/2ndRun\6cba0a637d414eb0ac2140dea8c00d64.SC2Replay
365,GogojOey,24,5924,1000,13,276,Z,1,replays/2ndRun\6d072f7826d142a08bebc34857d049a7.SC2Replay
366,yohilo,25,5321,250,4,277,T,0,replays/2ndRun\6d072f7826d142a08bebc34857d049a7.SC2Replay
367,Zanster,71,14501,3450,28,559,Z,1,replays/2ndRun\6d08917103914cc6a89b41e2ac5f81ed.SC2Replay
368,Sevnin,46,21908,1350,6,553,P,0,replays/2ndRun\6d08917103914cc6a89b41e2ac5f81ed.SC2Replay
369,Elazer,58,14118,2675,44,534,Z,0,replays/2ndRun\6d22006bfddb4a3ca4e472cb4334f0bf.SC2Replay
370,Zanster,66,13723,3500,32,549,Z,1,replays/2ndRun\6d22006bfddb4a3ca4e472cb4334f0bf.SC2Replay
371,ShoWTimE,63,25398,1900,10,706,P,1,replays/2ndRun\6d241744c01e4bccb88e39c18d33126f.SC2Replay
372,Kelazhur,66,52897,6250,72,910,T,0,replays/2ndRun\6d241744c01e4bccb88e39c18d33126f.SC2Replay
373,GOStephano,31,25098,7825,70,805,Z,1,replays/2ndRun\6d24693d195d4709ab0305fdba65808c.SC2Replay
374,HellraiseR,48,17257,2100,7,728,P,0,replays/2ndRun\6d24693d195d4709ab0305fdba65808c.SC2Replay
375,MightyKiwi,64,90967,12125,107,1204,Z,0,replays/2ndRun\6d31929e8baa486eb5cbe70dbaf70705.SC2Replay
376,BackupA,72,37393,4650,16,870,P,1,replays/2ndRun\6d31929e8baa486eb5cbe70dbaf70705.SC2Replay
377,soO,65,32619,9825,90,718,Z,0,replays/2ndRun\6d608496dbaa48a5bfe7d7db4e30b5e3.SC2Replay
378,Serral,68,28111,10150,93,729,Z,1,replays/2ndRun\6d608496dbaa48a5bfe7d7db4e30b5e3.SC2Replay
379,JonSnow,40,8992,3100,42,476,Z,0,replays/2ndRun\6d73b5feb8914cb5b82e14dfe4566878.SC2Replay
380,Has,42,11295,725,3,437,P,1,replays/2ndRun\6d73b5feb8914cb5b82e14dfe4566878.SC2Replay
381,NoPinSea,43,22442,775,3,677,P,0,replays/2ndRun\6daea7159c684624abc64295357ed3bc.SC2Replay
382,PiG,39,20251,4900,71,615,Z,1,replays/2ndRun\6daea7159c684624abc64295357ed3bc.SC2Replay
383,Lambo,34,8858,2150,42,466,Z,1,replays/2ndRun\6db8479ce3424b78abe84c58ccb528ee.SC2Replay
384,SouLeer,28,9740,2625,66,501,Z,0,replays/2ndRun\6db8479ce3424b78abe84c58ccb528ee.SC2Replay
385,Oobios,42,15485,1700,30,468,Z,0,replays/2ndRun\6dd1b6aef2d943118a3fc421346a0f84.SC2Replay
386,RaiN,42,13158,700,5,423,P,1,replays/2ndRun\6dd1b6aef2d943118a3fc421346a0f84.SC2Replay
387,Zest,41,12232,1000,6,481,P,1,replays/2ndRun\6e47ba4ef06f4d088b2b426305450b2d.SC2Replay
388,HeRoMaRinE,44,11439,1175,16,522,T,0,replays/2ndRun\6e47ba4ef06f4d088b2b426305450b2d.SC2Replay
389,InZaNe,70,20353,4700,54,753,T,1,replays/2ndRun\6e4c23af482547b9943dfd45a2c8e0fb.SC2Replay
390,eonblu,67,31724,5300,94,716,Z,0,replays/2ndRun\6e4c23af482547b9943dfd45a2c8e0fb.SC2Replay
391,Guru,76,96846,9900,82,1111,Z,0,replays/2ndRun\6e6259e6b3264a17951ff03616a71ae5.SC2Replay
392,Scarlett,64,49560,10350,81,1104,Z,1,replays/2ndRun\6e6259e6b3264a17951ff03616a71ae5.SC2Replay
393,HeroMarine,75,39251,8100,83,879,T,1,replays/2ndRun\6e72a232614143c6ba2e74510c286ed7.SC2Replay
394,Silky,78,60816,10525,166,920,Z,0,replays/2ndRun\6e72a232614143c6ba2e74510c286ed7.SC2Replay
395,Bunny,94,35491,8475,44,996,T,0,replays/2ndRun\6e95c5fbd7154bce9ba4fad4475a3373.SC2Replay
396,TYTY,110,84185,8725,43,1220,T,1,replays/2ndRun\6e95c5fbd7154bce9ba4fad4475a3373.SC2Replay
397,TRUE,57,15590,2525,42,556,Z,1,replays/2ndRun\6e9679e2652349c78262cace47c909d6.SC2Replay
398,TIME,37,14196,2000,15,555,T,0,replays/2ndRun\6e9679e2652349c78262cace47c909d6.SC2Replay
399,TLO,45,12735,5875,66,603,Z,1,replays/2ndRun\6eb6749821cb482e94e9a630bc89f207.SC2Replay
400,Has,51,24301,750,3,647,P,0,replays/2ndRun\6eb6749821cb482e94e9a630bc89f207.SC2Replay
401,PiLiPiLi,66,22886,1400,6,595,P,0,replays/2ndRun\6ed7dc76c0f94dd8b1ba1f86a05d7a9f.SC2Replay
402,JonSnow,68,24882,3550,44,598,Z,1,replays/2ndRun\6ed7dc76c0f94dd8b1ba1f86a05d7a9f.SC2Replay
403,NoPinSea,53,16702,2375,10,573,P,1,replays/2ndRun\6eed263a29e74001af2bdfaf861397b2.SC2Replay
404,KingkOng,46,12466,2825,37,477,Z,0,replays/2ndRun\6eed263a29e74001af2bdfaf861397b2.SC2Replay
405,Patience,60,27583,950,5,753,P,0,replays/2ndRun\6ef78ec636c94c2c80c26e74d2f43720.SC2Replay
406,PiLiPiLi,51,25171,4550,15,729,P,1,replays/2ndRun\6ef78ec636c94c2c80c26e74d2f43720.SC2Replay
407,Replicant,54,22187,2775,28,706,T,0,replays/2ndRun\6f1b74fe932c40a2b86b71a0b88ab57b.SC2Replay
408,SouLeer,67,14628,6050,54,705,Z,1,replays/2ndRun\6f1b74fe932c40a2b86b71a0b88ab57b.SC2Replay
409,MarineLorD,66,58738,4000,31,1273,T,0,replays/2ndRun\6f3eb45a9fe94e6e9680f3c803057fab.SC2Replay
410,viOLet,65,107521,13050,82,1266,Z,1,replays/2ndRun\6f3eb45a9fe94e6e9680f3c803057fab.SC2Replay
411,GuMiho,72,41604,5675,76,903,T,1,replays/2ndRun\6f4a64f26221479a8517bc3f8f4c0639.SC2Replay
412,INnoVation,62,25908,6875,72,906,T,0,replays/2ndRun\6f4a64f26221479a8517bc3f8f4c0639.SC2Replay
413,HeroMarine,64,20600,4125,47,659,T,1,replays/2ndRun\6f54b5e5f6a64bea933f861cc7ee0616.SC2Replay
414,Silky,69,29217,5400,100,660,Z,0,replays/2ndRun\6f54b5e5f6a64bea933f861cc7ee0616.SC2Replay
415,Namshar,68,17726,3725,55,605,Z,0,replays/2ndRun\6f5cf2463409401584b573912e9f6e68.SC2Replay
416,HeroMarine,64,20795,2350,29,611,T,1,replays/2ndRun\6f5cf2463409401584b573912e9f6e68.SC2Replay
417,DisK,67,81846,5285,33,1116,P,1,replays/2ndRun\6f7187ba430544bdabbc4c6eeb94ae4e.SC2Replay
418,Mackintac,74,215781,13050,62,1145,Z,0,replays/2ndRun\6f7187ba430544bdabbc4c6eeb94ae4e.SC2Replay
419,soul,59,20306,700,14,560,T,0,replays/2ndRun\6f71b40a2fec46a8b5f0c5b4ba9eaae2.SC2Replay
420,Reynor,64,14609,3200,63,564,Z,1,replays/2ndRun\6f71b40a2fec46a8b5f0c5b4ba9eaae2.SC2Replay
421,JJAKJI,35,10697,1850,17,490,T,1,replays/2ndRun\6f7ad6be80c04cc4aa1f67b3ce6d359f.SC2Replay
422,liquidthermy,51,10351,1350,10,494,T,0,replays/2ndRun\6f7ad6be80c04cc4aa1f67b3ce6d359f.SC2Replay
423,iGMacSed,47,5934,1200,12,462,Z,1,replays/2ndRun\6f7cc4e86db44421a3bc6bcd0494e649.SC2Replay
424,iGXiGua,31,12016,425,3,454,P,1,replays/2ndRun\6f7cc4e86db44421a3bc6bcd0494e649.SC2Replay
425,iGRushcrazy,0,0,0,0,0,U,0,replays/2ndRun\6f7cc4e86db44421a3bc6bcd0494e649.SC2Replay
426,iGJim,0,0,0,0,0,U,0,replays/2ndRun\6f7cc4e86db44421a3bc6bcd0494e649.SC2Replay
427,Optimus,26,3755,900,9,304,T,0,replays/2ndRun\6f8af442466941f2a38396a25264f672.SC2Replay
428,Namshar,25,5328,1250,23,307,Z,1,replays/2ndRun\6f8af442466941f2a38396a25264f672.SC2Replay
429,CalebAracous,78,40274,5950,55,753,Z,0,replays/2ndRun\6f9210df08014891b606d1cc38c3485f.SC2Replay
430,DisK,67,25479,4325,15,755,P,1,replays/2ndRun\6f9210df08014891b606d1cc38c3485f.SC2Replay
431,Ghost,30,7732,1300,14,370,T,0,replays/2ndRun\6fa8e1aa62ec4f209aab68b6f4cb7264.SC2Replay
432,Pokebunny,38,9310,1375,15,403,T,1,replays/2ndRun\6fa8e1aa62ec4f209aab68b6f4cb7264.SC2Replay
433,uThermal,24,3867,200,3,244,T,1,replays/2ndRun\6fc00d92ded24510887c46c68ed44ab8.SC2Replay
434,TestingThree,14,4333,1400,9,238,Z,0,replays/2ndRun\6fc00d92ded24510887c46c68ed44ab8.SC2Replay
435,TYTY,50,12223,2275,17,537,T,1,replays/2ndRun\6fc5ec929a5e49bfad48cdd4512bf8cf.SC2Replay
436,ShoWTimE,48,18189,950,4,533,P,0,replays/2ndRun\6fc5ec929a5e49bfad48cdd4512bf8cf.SC2Replay
437,HeroMarine,44,15843,4250,50,598,T,1,replays/2ndRun\6ff07555dc914a3baaf1f7aaff3448cc.SC2Replay
438,GOStephano,66,13246,5450,44,578,Z,0,replays/2ndRun\6ff07555dc914a3baaf1f7aaff3448cc.SC2Replay
439,PiLiPiLi,28,9448,1425,6,436,P,0,replays/2ndRun\7a0bf3811a434b3aa4a4d8bebb4f07f7.SC2Replay
440,Zest,40,11159,175,1,435,P,1,replays/2ndRun\7a0bf3811a434b3aa4a4d8bebb4f07f7.SC2Replay
441,DnS,45,21187,925,4,512,P,1,replays/2ndRun\7a4c3d5503bd4378a3220be892fdb882.SC2Replay
442,EnDerr,44,11435,2300,24,500,Z,0,replays/2ndRun\7a4c3d5503bd4378a3220be892fdb882.SC2Replay
443,Nice,23,6918,950,6,312,P,1,replays/2ndRun\7a574c19b3e94d059db053bc1eb47eae.SC2Replay
444,NeXa,22,4979,600,4,284,P,0,replays/2ndRun\7a574c19b3e94d059db053bc1eb47eae.SC2Replay
445,liquidthermy,50,17817,3725,40,643,T,1,replays/2ndRun\7a59d4b27a1143e0a5bb866c97a10aef.SC2Replay
446,llllllllllll,60,21789,550,3,628,P,0,replays/2ndRun\7a59d4b27a1143e0a5bb866c97a10aef.SC2Replay
447,Zest,62,23769,2450,11,667,P,0,replays/2ndRun\7a63fd28792242bdb4291e6f99fbfe7e.SC2Replay
448,TYTY,51,18981,3550,48,668,T,1,replays/2ndRun\7a63fd28792242bdb4291e6f99fbfe7e.SC2Replay
449,SpeCial,44,19141,1650,24,557,T,1,replays/2ndRun\7a86c787e10b4cb6906379d927b8afc4.SC2Replay
450,ShoWTimE,42,12201,1225,5,513,P,0,replays/2ndRun\7a86c787e10b4cb6906379d927b8afc4.SC2Replay
451,MaNa,68,17582,1050,5,571,P,1,replays/2ndRun\7a9b2e05646f47f98ee113161863fb2c.SC2Replay
452,Semper,53,18512,2550,29,560,T,0,replays/2ndRun\7a9b2e05646f47f98ee113161863fb2c.SC2Replay
453,Pokebunny,44,14444,1375,14,469,T,1,replays/2ndRun\7ab0d1fc42694b07b2149a72dc21499f.SC2Replay
454,Ghost,37,11842,1875,14,472,T,0,replays/2ndRun\7ab0d1fc42694b07b2149a72dc21499f.SC2Replay
455,MaSa,61,24662,3475,40,718,T,0,replays/2ndRun\7abbe6f766ce48b0b254f216aa13cf0d.SC2Replay
456,KoMA,67,27413,3675,41,730,T,1,replays/2ndRun\7abbe6f766ce48b0b254f216aa13cf0d.SC2Replay
457,Namshar,27,4829,900,20,306,Z,1,replays/2ndRun\7ad0ea1739844de2ba9791a1e0235160.SC2Replay
458,GAMETIME,17,3825,1475,34,287,Z,0,replays/2ndRun\7ad0ea1739844de2ba9791a1e0235160.SC2Replay
459,MaNa,42,10013,600,4,441,P,0,replays/2ndRun\7ad159ceddb04536ad8786918fcd77f2.SC2Replay
460,Lambo,49,9803,4175,44,483,Z,1,replays/2ndRun\7ad159ceddb04536ad8786918fcd77f2.SC2Replay
461,GOStephano,77,35691,9025,93,851,Z,0,replays/2ndRun\7aef181f88a24782951af855ab5e1578.SC2Replay
462,HellraiseR,74,25296,3650,13,773,P,1,replays/2ndRun\7aef181f88a24782951af855ab5e1578.SC2Replay
463,Semper,71,26833,3275,33,732,T,1,replays/2ndRun\7af805bd3d614bea87015d6e983af382.SC2Replay
464,ObiWanPwnobi,76,35962,1100,3,730,P,0,replays/2ndRun\7af805bd3d614bea87015d6e983af382.SC2Replay
465,Harstem,67,31348,3775,13,853,P,0,replays/2ndRun\7b062cd6e9ab4d1da0e1d8637ada0bcb.SC2Replay
466,soO,66,54710,9025,86,859,Z,1,replays/2ndRun\7b062cd6e9ab4d1da0e1d8637ada0bcb.SC2Replay
467,Zanster,31,6031,1600,31,346,Z,0,replays/2ndRun\7b0fabf988494de6a4236bc52fba04be.SC2Replay
468,Lambo,33,5976,1575,35,345,Z,1,replays/2ndRun\7b0fabf988494de6a4236bc52fba04be.SC2Replay
469,LiquidTLO,22,3930,1375,23,281,Z,1,replays/2ndRun\7b494d1fff4a4d398a00a17024e3d7cb.SC2Replay
470,SouLeer,15,3101,1200,29,285,Z,0,replays/2ndRun\7b494d1fff4a4d398a00a17024e3d7cb.SC2Replay
471,Reynor,86,35672,6850,97,745,Z,1,replays/2ndRun\7b4c7217346c4ce5a4f37dde38fd4ac7.SC2Replay
472,Clem,74,28374,3500,24,745,T,0,replays/2ndRun\7b4c7217346c4ce5a4f37dde38fd4ac7.SC2Replay
473,Dolan,12,50,0,0,0,T,0,replays/2ndRun\7b50c3c19d9b45c287a30bfa7b5adc4a.SC2Replay
474,SLeet,12,50,100,1,0,Z,1,replays/2ndRun\7b50c3c19d9b45c287a30bfa7b5adc4a.SC2Replay
475,Mana,60,16150,1700,6,549,P,1,replays/2ndRun\7b5cbfc6356942da9bfb483b51e27709.SC2Replay
476,Silky,52,12886,3625,50,520,Z,0,replays/2ndRun\7b5cbfc6356942da9bfb483b51e27709.SC2Replay
477,OGZest,50,12547,775,4,502,P,1,replays/2ndRun\7b781fe8915d47d8bce49e4b3d274f63.SC2Replay
478,Kas,46,12458,1700,19,497,T,0,replays/2ndRun\7b781fe8915d47d8bce49e4b3d274f63.SC2Replay
479,herO,36,19300,550,2,711,P,1,replays/2ndRun\7b89e686657b4849ba7fb1265e63d708.SC2Replay
480,Snute,24,16255,3900,50,694,Z,0,replays/2ndRun\7b89e686657b4849ba7fb1265e63d708.SC2Replay
481,Bails,52,17065,1325,7,683,P,1,replays/2ndRun\7b964cfaa2014d2a9dad265a7406c563.SC2Replay
482,Pokebunny,42,17146,3350,41,611,T,0,replays/2ndRun\7b964cfaa2014d2a9dad265a7406c563.SC2Replay
483,uThermal,54,17291,3750,50,660,T,1,replays/2ndRun\7bd4f554ae6749988ee925a1c64225b0.SC2Replay
484,Zanster,47,23225,7300,102,675,Z,0,replays/2ndRun\7bd4f554ae6749988ee925a1c64225b0.SC2Replay
485,Ziggy,29,6235,450,5,301,T,0,replays/2ndRun\7c0d29c3fbb74a65ae5a230cf50d3655.SC2Replay
486,ZhuGeLiang,32,5150,1050,15,300,Z,1,replays/2ndRun\7c0d29c3fbb74a65ae5a230cf50d3655.SC2Replay
487,Lambo,46,17579,7700,91,712,Z,0,replays/2ndRun\7c152a8f8c6f46abb4592c74471ce7cc.SC2Replay
488,puCK,66,31934,1725,6,754,P,1,replays/2ndRun\7c152a8f8c6f46abb4592c74471ce7cc.SC2Replay
489,GuMiho,42,39719,5050,51,963,T,1,replays/2ndRun\7c2728aeea5647d5af3cbe2bd4d14260.SC2Replay
490,TYTY,52,43998,4750,51,975,T,0,replays/2ndRun\7c2728aeea5647d5af3cbe2bd4d14260.SC2Replay
491,soul,50,18339,2500,17,571,T,1,replays/2ndRun\7c39bd730c6c4834a59dfe2d3ad4eb17.SC2Replay
492,Kas,41,23940,2375,17,571,T,0,replays/2ndRun\7c39bd730c6c4834a59dfe2d3ad4eb17.SC2Replay
493,Expect,41,11805,1300,11,448,T,0,replays/2ndRun\7c4a84e6b50a47d4a62c8aa9f0fc8c6f.SC2Replay
494,Fist,37,12046,1800,32,455,Z,1,replays/2ndRun\7c4a84e6b50a47d4a62c8aa9f0fc8c6f.SC2Replay
495,iGXiGua,71,12789,4025,36,527,P,0,replays/2ndRun\7c52b27c5aa444459d815d9680196500.SC2Replay
496,iGRushcrazy,69,14986,1425,7,527,P,0,replays/2ndRun\7c52b27c5aa444459d815d9680196500.SC2Replay
497,iGMacSed,0,0,0,0,0,U,0,replays/2ndRun\7c52b27c5aa444459d815d9680196500.SC2Replay
498,iGJim,0,0,0,0,0,U,0,replays/2ndRun\7c52b27c5aa444459d815d9680196500.SC2Replay
499,Reynor,86,94850,11850,147,1158,Z,1,replays/2ndRun\7c580096c45541c88828a1b21270c65a.SC2Replay
500,lllIIIIllll,77,70765,5050,14,1171,P,0,replays/2ndRun\7c580096c45541c88828a1b21270c65a.SC2Replay
501,Serral,74,26917,3175,69,720,Z,1,replays/2ndRun\7c5fa11edc6b4a8cb160ae83085aa323.SC2Replay
502,PiLiPiLi,56,29425,2350,20,722,P,0,replays/2ndRun\7c5fa11edc6b4a8cb160ae83085aa323.SC2Replay
503,Solar,85,33025,10425,155,896,Z,1,replays/2ndRun\7c686c769ec149019b3ab5ef44eaeabe.SC2Replay
504,lIIllllIIlll,83,34385,6350,61,930,T,0,replays/2ndRun\7c686c769ec149019b3ab5ef44eaeabe.SC2Replay
505,Snute,62,13136,1525,22,509,Z,0,replays/2ndRun\7c815771fe774105ab79934299c135a5.SC2Replay
506,Reynor,58,10636,2100,38,519,Z,1,replays/2ndRun\7c815771fe774105ab79934299c135a5.SC2Replay
507,Stephano,17,2404,650,12,196,Z,1,replays/2ndRun\7c932d9ee9c7473eacd518903eb509bb.SC2Replay
508,MMA,22,3272,150,2,193,T,0,replays/2ndRun\7c932d9ee9c7473eacd518903eb509bb.SC2Replay
509,HeroMarine,49,15474,3500,38,602,T,0,replays/2ndRun\7cacae491a1d4ad28ca181961983c274.SC2Replay
510,OGZest,64,23331,850,3,714,P,1,replays/2ndRun\7cacae491a1d4ad28ca181961983c274.SC2Replay
511,uThermal,39,17261,2125,27,668,T,0,replays/2ndRun\7cbf23cf7d5d44919601a81aa2a248fe.SC2Replay
512,INnoVation,50,12649,2400,19,517,T,1,replays/2ndRun\7cbf23cf7d5d44919601a81aa2a248fe.SC2Replay
513,SortOf,81,36992,10000,131,817,Z,1,replays/2ndRun\7cc5efed6666433cb72c866368b747b0.SC2Replay
514,Time,68,27825,7000,87,810,T,0,replays/2ndRun\7cc5efed6666433cb72c866368b747b0.SC2Replay
515,Maru,47,16444,1750,14,525,T,1,replays/2ndRun\7d0678a239c94f639b04e1b2893ecf08.SC2Replay
516,Crimson,56,17738,2325,30,532,Z,0,replays/2ndRun\7d0678a239c94f639b04e1b2893ecf08.SC2Replay
517,Nerchio,58,32674,8400,72,786,Z,1,replays/2ndRun\7d0aad86fb614eea815702d0cda2a4ff.SC2Replay
518,SortOf,66,30296,11150,92,799,Z,0,replays/2ndRun\7d0aad86fb614eea815702d0cda2a4ff.SC2Replay
519,HuShang,28,4849,625,4,295,P,1,replays/2ndRun\7d4ce3f69d02405bbd268cea6cb28f9c.SC2Replay
520,MaDSci,27,7717,350,7,326,T,0,replays/2ndRun\7d4ce3f69d02405bbd268cea6cb28f9c.SC2Replay
521,LiquidMaNa,21,7299,1475,9,543,P,0,replays/2ndRun\7d5cdfd18f44492ab23b487c497f5d8c.SC2Replay
522,Bly,20,3585,650,21,234,Z,1,replays/2ndRun\7d5cdfd18f44492ab23b487c497f5d8c.SC2Replay
523,Clem,71,26190,4600,46,759,T,1,replays/2ndRun\7d74cb5e66af441fb7498a425831e6c5.SC2Replay
524,HuT,62,25355,4750,49,764,T,0,replays/2ndRun\7d74cb5e66af441fb7498a425831e6c5.SC2Replay
525,Snute,18,2588,650,12,207,Z,1,replays/2ndRun\7d7f754a15c642288d7fed80283b02b1.SC2Replay
526,Lambo,19,3353,450,9,201,Z,0,replays/2ndRun\7d7f754a15c642288d7fed80283b02b1.SC2Replay
527,Lambo,82,49509,11175,170,958,Z,0,replays/2ndRun\7d82d0bcc4e14eccafc9684eaa194f36.SC2Replay
528,Clem,76,36288,8750,85,952,T,1,replays/2ndRun\7d82d0bcc4e14eccafc9684eaa194f36.SC2Replay
529,Crow,34,7881,1775,32,481,Z,1,replays/2ndRun\7d860b26b463419d987e1562f7c54481.SC2Replay
530,NoRegreT,23,6807,2075,42,477,Z,0,replays/2ndRun\7d860b26b463419d987e1562f7c54481.SC2Replay
531,Kelazhur,19,3100,300,3,232,T,1,replays/2ndRun\7d97a74a45aa43a5a880a4a6ac173eba.SC2Replay
532,Light,21,3779,200,3,218,T,0,replays/2ndRun\7d97a74a45aa43a5a880a4a6ac173eba.SC2Replay
533,CMStormPolt,51,29367,2850,36,688,T,1,replays/2ndRun\7da3e552a5ee4e3788b837428aa015a2.SC2Replay
534,viOLet,51,21959,4950,41,664,Z,0,replays/2ndRun\7da3e552a5ee4e3788b837428aa015a2.SC2Replay
535,SortOf,42,9128,1200,11,463,Z,0,replays/2ndRun\7da5495487894466a9483b8901a984ca.SC2Replay
536,Elazer,41,9855,2125,28,466,Z,1,replays/2ndRun\7da5495487894466a9483b8901a984ca.SC2Replay
537,SpaceJam,52,34707,1975,27,809,T,0,replays/2ndRun\7dbc3e54835c4eed90772a07fa62289e.SC2Replay
538,Pure,55,34065,2325,9,801,P,1,replays/2ndRun\7dbc3e54835c4eed90772a07fa62289e.SC2Replay
539,PiLiPiLi,24,5945,1250,7,300,P,0,replays/2ndRun\7dc68ad351cf4c7b918019c0f17a8bde.SC2Replay
540,Neeb,26,5456,1200,7,317,P,1,replays/2ndRun\7dc68ad351cf4c7b918019c0f17a8bde.SC2Replay
541,Kelazhur,28,14917,1700,18,568,T,0,replays/2ndRun\7dd42a4f2eea4d76a47b29f21a1cba4e.SC2Replay
542,Light,46,13907,1775,12,560,T,1,replays/2ndRun\7dd42a4f2eea4d76a47b29f21a1cba4e.SC2Replay
543,Stats,64,31314,2600,10,818,P,1,replays/2ndRun\7dd869ebae82455d8487edfc8e6b9bb6.SC2Replay
544,TYTY,61,38594,8375,86,948,T,0,replays/2ndRun\7dd869ebae82455d8487edfc8e6b9bb6.SC2Replay
545,DnS,45,8184,800,4,392,P,1,replays/2ndRun\7de0cd78b8d24cf18c8eccef752c9860.SC2Replay
546,Zanster,49,7802,1450,17,413,Z,0,replays/2ndRun\7de0cd78b8d24cf18c8eccef752c9860.SC2Replay
547,SortOf,14,3549,1200,27,250,Z,0,replays/2ndRun\7df39b06b04643eeac12da6c4aa0eec1.SC2Replay
548,Snute,42,4012,1750,22,461,Z,1,replays/2ndRun\7df39b06b04643eeac12da6c4aa0eec1.SC2Replay
549,DnS,72,25923,2650,10,694,P,0,replays/2ndRun\7e4f463a0cda43b49d03e918a47cc93e.SC2Replay
550,LiquidSnute,79,39704,6925,101,751,Z,1,replays/2ndRun\7e4f463a0cda43b49d03e918a47cc93e.SC2Replay
551,SpeCial,58,61019,6200,76,1332,T,1,replays/2ndRun\7e5cf168990347159e643e6c99ff0236.SC2Replay
552,Reynor,61,53740,10450,79,1320,Z,0,replays/2ndRun\7e5cf168990347159e643e6c99ff0236.SC2Replay
553,Jarppi,52,27916,2800,39,729,T,0,replays/2ndRun\7e701357bb664e8bad002b5a065eab2f.SC2Replay
554,Erik,54,34129,6325,62,733,Z,1,replays/2ndRun\7e701357bb664e8bad002b5a065eab2f.SC2Replay
555,LiquidSnute,77,72875,10300,82,895,Z,1,replays/2ndRun\7e733e1eea684cd99826554b80de78f9.SC2Replay
556,BLY,69,56211,10350,81,914,Z,0,replays/2ndRun\7e733e1eea684cd99826554b80de78f9.SC2Replay
557,Neeblet,73,49338,5875,17,974,P,1,replays/2ndRun\7e85382b15734483a9ebfcbed12f7ed3.SC2Replay
558,SortOf,74,48169,9400,84,940,Z,0,replays/2ndRun\7e85382b15734483a9ebfcbed12f7ed3.SC2Replay
559,Ziggy,38,9777,1300,20,407,T,0,replays/2ndRun\7e85c1254e094bc296346ccb82075f71.SC2Replay
560,HuShang,42,7067,650,5,360,P,1,replays/2ndRun\7e85c1254e094bc296346ccb82075f71.SC2Replay
561,JJAKJI,54,19080,2725,30,629,T,0,replays/2ndRun\7ecdbcae88f94e33889019dd207c1091.SC2Replay
562,Solar,68,16964,4525,79,634,Z,1,replays/2ndRun\7ecdbcae88f94e33889019dd207c1091.SC2Replay
563,soul,45,10239,1000,9,455,T,0,replays/2ndRun\7efb7316b27e436a8c8e3b43f5882478.SC2Replay
564,soO,37,11824,3350,42,451,Z,1,replays/2ndRun\7efb7316b27e436a8c8e3b43f5882478.SC2Replay
565,puCK,61,14752,1575,7,570,P,1,replays/2ndRun\7efc5537e39045efa5686bf768a98fe7.SC2Replay
566,Crimson,47,23023,3475,66,597,Z,0,replays/2ndRun\7efc5537e39045efa5686bf768a98fe7.SC2Replay
567,,59,11449,1975,17,491,Z,0,replays/2ndRun\7f113a0eb3194b05a326d267aa5c4598.SC2Replay
568,,47,11876,1650,9,487,P,0,replays/2ndRun\7f113a0eb3194b05a326d267aa5c4598.SC2Replay
569,iGJim,0,0,0,0,0,U,1,replays/2ndRun\7f113a0eb3194b05a326d267aa5c4598.SC2Replay
570,iGRushcrazy,0,0,0,0,0,U,1,replays/2ndRun\7f113a0eb3194b05a326d267aa5c4598.SC2Replay
571,ByRada,21,9537,2225,55,411,Z,0,replays/2ndRun\7f24651c32db480582794280a8e056fb.SC2Replay
572,Kelazhur,39,11055,1050,14,403,T,1,replays/2ndRun\7f24651c32db480582794280a8e056fb.SC2Replay
573,SortOf,50,14186,5200,66,548,Z,0,replays/2ndRun\7f2e4ab0fb164d97ade88f312d1f53e8.SC2Replay
574,llllllllllll,44,12101,1800,8,456,P,1,replays/2ndRun\7f2e4ab0fb164d97ade88f312d1f53e8.SC2Replay
575,DnS,45,19434,1250,7,561,P,0,replays/2ndRun\7f31ab542a5740c2a648982d499ffd38.SC2Replay
576,ShoWTimE,47,12921,1625,9,565,P,1,replays/2ndRun\7f31ab542a5740c2a648982d499ffd38.SC2Replay
577,ShoWTimE,67,14709,1300,6,578,P,1,replays/2ndRun\7f338a6541694552bbde7a1d4ffa0f8c.SC2Replay
578,Namshar,67,24301,3350,31,688,Z,0,replays/2ndRun\7f338a6541694552bbde7a1d4ffa0f8c.SC2Replay
579,NoPinSea,65,27419,4075,15,707,P,0,replays/2ndRun\7f398bb395934c16826bcacee17b8d14.SC2Replay
580,Petraeus,82,24886,5050,56,760,Z,1,replays/2ndRun\7f398bb395934c16826bcacee17b8d14.SC2Replay
581,llllllllllll,35,4405,350,2,297,P,1,replays/2ndRun\7f49b0896b9f414aa701a26aa9f22826.SC2Replay
582,liquidthermy,27,5538,400,8,302,T,0,replays/2ndRun\7f49b0896b9f414aa701a26aa9f22826.SC2Replay
583,aLive,48,16158,2850,33,582,T,1,replays/2ndRun\7f4cdcdf35024b0497316b27564f1b2a.SC2Replay
584,Neeb,52,13470,1025,7,570,P,0,replays/2ndRun\7f4cdcdf35024b0497316b27564f1b2a.SC2Replay
585,Patience,36,6071,375,3,360,P,1,replays/2ndRun\7f5166b55c794cc2b90363d3f8c0549a.SC2Replay
586,aAaMiNiMaTh,33,5984,1075,21,360,Z,0,replays/2ndRun\7f5166b55c794cc2b90363d3f8c0549a.SC2Replay
587,KoMA,48,17340,1750,12,542,T,0,replays/2ndRun\7f5af5d135f14d7eb41e4efbcd06bcd9.SC2Replay
588,CMStormPolt,46,18870,2200,19,550,T,1,replays/2ndRun\7f5af5d135f14d7eb41e4efbcd06bcd9.SC2Replay
589,Serral,57,11192,3200,32,493,Z,1,replays/2ndRun\7f60acde9e00498cbe9c3ac93ab6628f.SC2Replay
590,Zest,46,13176,1225,7,486,P,0,replays/2ndRun\7f60acde9e00498cbe9c3ac93ab6628f.SC2Replay
591,GogojOey,37,7733,1200,13,340,Z,1,replays/2ndRun\7f676fca70a948eb9db4477c17d6fd17.SC2Replay
592,yohilo,26,8900,625,8,346,T,0,replays/2ndRun\7f676fca70a948eb9db4477c17d6fd17.SC2Replay
593,InZaNe,31,7914,1250,8,382,T,1,replays/2ndRun\7f6be81170c94083b01815d813990b2e.SC2Replay
594,Clem,37,7184,1100,13,379,T,0,replays/2ndRun\7f6be81170c94083b01815d813990b2e.SC2Replay
595,Zanster,74,36589,8950,76,841,Z,1,replays/2ndRun\7f90426d51594f2ab83c44e83d4c13f2.SC2Replay
596,cloudy,69,28702,4350,16,770,P,0,replays/2ndRun\7f90426d51594f2ab83c44e83d4c13f2.SC2Replay
597,iGXiGua,69,23235,5525,88,671,Z,0,replays/2ndRun\7f96c5614fc54725bc38b750215b4984.SC2Replay
598,iGRushcrazy,72,17486,2325,11,567,P,1,replays/2ndRun\7f96c5614fc54725bc38b750215b4984.SC2Replay
599,Ziggy,60,21757,3075,17,690,T,0,replays/2ndRun\7f96c7c9781849e4a1c796b548bc9a19.SC2Replay
600,Elazer,64,20809,5050,43,632,Z,1,replays/2ndRun\7f96c7c9781849e4a1c796b548bc9a19.SC2Replay
601,Snute,20,4760,1150,20,264,Z,0,replays/2ndRun\7f9ff54f836a45bd9b96ae97a6e396d5.SC2Replay
602,Harstem,22,2485,0,0,196,P,1,replays/2ndRun\7f9ff54f836a45bd9b96ae97a6e396d5.SC2Replay
603,Scarlett,59,22337,4500,31,785,Z,0,replays/2ndRun\7fa6466115f341569e55da0f36a2c395.SC2Replay
604,aLive,48,21268,3600,39,776,T,1,replays/2ndRun\7fa6466115f341569e55da0f36a2c395.SC2Replay
605,liquidthermy,15,2391,125,1,173,T,0,replays/2ndRun\7fd5cd7f5c4545a381e5b2a71205647d.SC2Replay
606,Neeblet,23,3012,100,1,190,P,1,replays/2ndRun\7fd5cd7f5c4545a381e5b2a71205647d.SC2Replay
607,Harstem,74,38055,3025,11,850,P,0,replays/2ndRun\8a27976428d24eb9a1e02a10cb36dca6.SC2Replay
608,Namshar,86,47146,5500,45,818,Z,1,replays/2ndRun\8a27976428d24eb9a1e02a10cb36dca6.SC2Replay
609,aLive,69,19868,3525,37,620,T,1,replays/2ndRun\8a36b06598c24488bc3c5d0f499919a0.SC2Replay
610,TYTY,66,25488,2800,19,620,T,0,replays/2ndRun\8a36b06598c24488bc3c5d0f499919a0.SC2Replay
611,puCK,55,52195,1600,6,996,P,0,replays/2ndRun\8a43046e568346be83b11bcbeb80b1b5.SC2Replay
612,uThermal,55,44034,5525,49,989,T,1,replays/2ndRun\8a43046e568346be83b11bcbeb80b1b5.SC2Replay
613,Petraeus,38,10403,3250,35,497,Z,1,replays/2ndRun\8a4bdb1a9c3d49a5b7766f676d71d753.SC2Replay
614,PiG,37,16343,2900,43,495,Z,0,replays/2ndRun\8a4bdb1a9c3d49a5b7766f676d71d753.SC2Replay
615,Optimus,65,43577,7700,79,1058,T,0,replays/2ndRun\8a4fdb9990b04194b52b741f53393804.SC2Replay
616,LiquidTLO,78,44281,9850,162,1016,Z,1,replays/2ndRun\8a4fdb9990b04194b52b741f53393804.SC2Replay
617,Nice,33,29976,425,3,652,P,0,replays/2ndRun\8a5141dd21ef47709120ac94c5e3d3df.SC2Replay
618,ShoWTimE,44,10973,2125,10,494,P,1,replays/2ndRun\8a5141dd21ef47709120ac94c5e3d3df.SC2Replay
619,MightyKiwi,55,35061,9450,77,883,Z,1,replays/2ndRun\8a61c136b3b04639b361b4ff70ed48ce.SC2Replay
620,PandaBearMe,56,25605,6400,63,730,Z,0,replays/2ndRun\8a61c136b3b04639b361b4ff70ed48ce.SC2Replay
621,Nerchio,73,18080,5650,49,676,Z,0,replays/2ndRun\8a6588f9ca76474aa94d70fc7e2ed61e.SC2Replay
622,Scarlett,66,25923,8550,96,676,Z,1,replays/2ndRun\8a6588f9ca76474aa94d70fc7e2ed61e.SC2Replay
623,Stats,65,27545,1200,5,670,P,1,replays/2ndRun\8a67be074d774eeb8b80b1074ef395a8.SC2Replay
624,Dana,67,15028,4850,51,587,Z,0,replays/2ndRun\8a67be074d774eeb8b80b1074ef395a8.SC2Replay
625,Harstem,70,16146,1250,5,643,P,1,replays/2ndRun\8a68dcb706fc4af5a1017550a19bae09.SC2Replay
626,AxImpact,66,17887,7875,88,653,Z,0,replays/2ndRun\8a68dcb706fc4af5a1017550a19bae09.SC2Replay
627,liquidthermy,25,6418,200,2,291,T,0,replays/2ndRun\8a6c476cb5b04162a7212d6396d0e41a.SC2Replay
628,Guru,36,9551,2150,17,440,Z,1,replays/2ndRun\8a6c476cb5b04162a7212d6396d0e41a.SC2Replay
629,OGZest,23,10387,375,2,427,P,1,replays/2ndRun\8a6cd3f7e5b443ca9cab7b5fc01bed17.SC2Replay
630,Kas,27,9626,1425,12,437,T,0,replays/2ndRun\8a6cd3f7e5b443ca9cab7b5fc01bed17.SC2Replay
631,Kas,32,7042,775,7,345,T,0,replays/2ndRun\8a83a36c05fe4a9888ea550157ea915c.SC2Replay
632,soO,35,5396,1125,12,330,Z,1,replays/2ndRun\8a83a36c05fe4a9888ea550157ea915c.SC2Replay
633,liquidthermy,25,3634,0,0,245,P,1,replays/2ndRun\8a83c111ee5343298dfd5ed0424128dc.SC2Replay
634,Zanster,21,5018,850,10,258,Z,0,replays/2ndRun\8a83c111ee5343298dfd5ed0424128dc.SC2Replay
635,Pokebunny,25,4487,350,6,278,T,0,replays/2ndRun\8a9945f24dc84fefb3461d7f1f6a098a.SC2Replay
636,TLO,27,6553,1300,9,364,Z,1,replays/2ndRun\8a9945f24dc84fefb3461d7f1f6a098a.SC2Replay
637,Mana,27,10741,1400,7,392,P,1,replays/2ndRun\8ad0af70dba54f848bdabda1582e7000.SC2Replay
638,Raze,24,3270,250,2,258,P,0,replays/2ndRun\8ad0af70dba54f848bdabda1582e7000.SC2Replay
639,HeRoMaRinE,61,14853,3300,41,650,T,0,replays/2ndRun\8b0af0c5cc8240d5968f432b35cc335e.SC2Replay
640,Zest,64,21898,1400,5,644,P,1,replays/2ndRun\8b0af0c5cc8240d5968f432b35cc335e.SC2Replay
641,Ghost,61,22297,3725,38,738,T,1,replays/2ndRun\8b10a15ed94b468f870ad5dd3abb3d6c.SC2Replay
642,Alexander,50,31754,2575,28,741,T,0,replays/2ndRun\8b10a15ed94b468f870ad5dd3abb3d6c.SC2Replay
643,Maru,31,15347,2000,17,553,T,0,replays/2ndRun\8b15d1aaf7bd4906a2af0c002ef618e5.SC2Replay
644,INnoVation,36,12443,1475,6,520,T,1,replays/2ndRun\8b15d1aaf7bd4906a2af0c002ef618e5.SC2Replay
645,JonSnow,37,7737,2025,32,423,Z,1,replays/2ndRun\8b5ff7a3e1ec421eb2653e6a9ec8a9de.SC2Replay
646,Zanster,50,8073,1800,24,426,Z,0,replays/2ndRun\8b5ff7a3e1ec421eb2653e6a9ec8a9de.SC2Replay
647,Bonkarooni,60,15138,1200,2,563,P,0,replays/2ndRun\8b811ec4d6104d74b378121a50c09786.SC2Replay
648,ZenedoR,53,19198,2825,27,573,Z,1,replays/2ndRun\8b811ec4d6104d74b378121a50c09786.SC2Replay
649,Soulkey,79,18418,4700,56,629,Z,1,replays/2ndRun\8b88ec1ccc6b48deb46d23cd2f579210.SC2Replay
650,Polt,47,16302,2475,39,626,T,0,replays/2ndRun\8b88ec1ccc6b48deb46d23cd2f579210.SC2Replay
651,MaNa,44,21027,1450,8,703,P,1,replays/2ndRun\8bac755f57944520b5a8cac898609e85.SC2Replay
652,Has,48,22057,1075,6,707,P,0,replays/2ndRun\8bac755f57944520b5a8cac898609e85.SC2Replay
653,GOStephano,59,21884,6425,54,696,Z,0,replays/2ndRun\8bb2203cbbab42fabcde720bf34d00fa.SC2Replay
654,Zest,54,22809,2100,8,653,P,1,replays/2ndRun\8bb2203cbbab42fabcde720bf34d00fa.SC2Replay
655,Pono,19,4705,800,13,240,Z,1,replays/2ndRun\8bbd7fd233f041c09332f84a7477d966.SC2Replay
656,benttwig,21,4131,600,10,227,Z,0,replays/2ndRun\8bbd7fd233f041c09332f84a7477d966.SC2Replay
657,Crow,27,4378,1425,30,339,Z,0,replays/2ndRun\8bc981aa005d48459f20f9d62dfe535d.SC2Replay
658,NoRegreT,23,5520,1100,25,317,Z,1,replays/2ndRun\8bc981aa005d48459f20f9d62dfe535d.SC2Replay
659,LiquidSnute,57,11529,2175,39,555,Z,0,replays/2ndRun\8be463927b8840d7ba5e82dabc86d4cb.SC2Replay
660,lllIIIIllll,53,16707,2550,11,577,P,1,replays/2ndRun\8be463927b8840d7ba5e82dabc86d4cb.SC2Replay
661,ByuN,25,4595,800,10,290,T,1,replays/2ndRun\8c03f998ef5d41dba07ede7703b106ab.SC2Replay
662,Lilbow,35,4916,525,3,296,P,0,replays/2ndRun\8c03f998ef5d41dba07ede7703b106ab.SC2Replay
663,TLO,70,24291,7025,83,729,Z,1,replays/2ndRun\8c319cdaa6e44d1c9269ec15cb4fe520.SC2Replay
664,MaNa,71,26149,1600,7,685,P,0,replays/2ndRun\8c319cdaa6e44d1c9269ec15cb4fe520.SC2Replay
665,ShoWTimE,30,14562,1900,8,563,P,1,replays/2ndRun\8c31a4069cbf451f9b7f9dd49790a1ca.SC2Replay
666,DnS,24,7337,1250,7,378,P,0,replays/2ndRun\8c31a4069cbf451f9b7f9dd49790a1ca.SC2Replay
667,Harstem,69,15523,975,5,598,P,1,replays/2ndRun\8c8170da4acd4ceb80c3590f29e155ea.SC2Replay
668,Bunny,60,31080,5100,58,828,T,0,replays/2ndRun\8c8170da4acd4ceb80c3590f29e155ea.SC2Replay
669,Denver,62,17917,8050,68,760,Z,0,replays/2ndRun\8c9893ca2b4f4c5da7880b5806bbc0cb.SC2Replay
670,Stephano,64,36023,6550,59,761,Z,1,replays/2ndRun\8c9893ca2b4f4c5da7880b5806bbc0cb.SC2Replay
671,hydra,81,38676,5275,52,734,Z,1,replays/2ndRun\8cadc4be888e448e82035c6cca1901e9.SC2Replay
672,HuK,69,32497,2300,9,731,P,0,replays/2ndRun\8cadc4be888e448e82035c6cca1901e9.SC2Replay
673,ByuN,50,17602,4950,53,656,T,1,replays/2ndRun\8cae86a3cbc54030852d591769cd485e.SC2Replay
674,Stats,61,28961,2250,8,767,P,0,replays/2ndRun\8cae86a3cbc54030852d591769cd485e.SC2Replay
675,Snute,39,9552,2950,35,466,Z,1,replays/2ndRun\8cb2e2382dd947efa3847903a951432c.SC2Replay
676,Elazer,27,14487,3450,37,499,Z,0,replays/2ndRun\8cb2e2382dd947efa3847903a951432c.SC2Replay
677,LiquidMaNa,55,16791,1425,7,584,P,0,replays/2ndRun\8cc5b1eacfa54ce591a0014f16f82f97.SC2Replay
678,Elazer,70,46188,9200,95,766,Z,1,replays/2ndRun\8cc5b1eacfa54ce591a0014f16f82f97.SC2Replay
679,Serral,19,11346,1525,31,432,Z,0,replays/2ndRun\8ccff03666fd48a58927a11332225e3e.SC2Replay
680,Nerchio,24,5023,1200,26,426,Z,1,replays/2ndRun\8ccff03666fd48a58927a11332225e3e.SC2Replay
681,Harstem,45,12878,2850,11,571,P,0,replays/2ndRun\8ce88f78e6644cf9b81cfc314f60f70e.SC2Replay
682,Neeb,54,14737,1100,6,583,P,1,replays/2ndRun\8ce88f78e6644cf9b81cfc314f60f70e.SC2Replay
683,SortOf,41,8800,1700,24,410,Z,1,replays/2ndRun\8cfc67d6aec44845be4728364ce41bea.SC2Replay
684,Zanster,30,9654,2475,29,447,Z,0,replays/2ndRun\8cfc67d6aec44845be4728364ce41bea.SC2Replay
685,DnS,73,42141,3100,11,888,P,1,replays/2ndRun\8d076e18b35b4523b41ae7555d3e76c7.SC2Replay
686,SpeCial,74,34930,8775,83,901,T,0,replays/2ndRun\8d076e18b35b4523b41ae7555d3e76c7.SC2Replay
687,Bunny,30,7635,500,5,321,T,0,replays/2ndRun\8d13364ad23a4e7c8e0d9bd94644215f.SC2Replay
688,HellraiseR,37,4487,625,4,326,P,1,replays/2ndRun\8d13364ad23a4e7c8e0d9bd94644215f.SC2Replay
689,Elazer,47,12543,2225,48,492,Z,1,replays/2ndRun\8d18f5c424c74c65998055d9bf0aca2a.SC2Replay
690,TSGSolar,36,8814,3950,56,495,Z,0,replays/2ndRun\8d18f5c424c74c65998055d9bf0aca2a.SC2Replay
691,ShaDoWn,35,14729,100,1,668,P,1,replays/2ndRun\8d3d612383204d0a8b0ee674bb37fc01.SC2Replay
692,Semper,26,14786,1475,13,672,T,0,replays/2ndRun\8d3d612383204d0a8b0ee674bb37fc01.SC2Replay
693,FeaR,42,5344,525,3,357,P,0,replays/2ndRun\8d56707e328847c4be34d32a048b41c6.SC2Replay
694,aLive,40,8918,1450,15,442,T,1,replays/2ndRun\8d56707e328847c4be34d32a048b41c6.SC2Replay
695,TRUE,65,29202,7775,89,847,Z,0,replays/2ndRun\8d5a714e03864f2ab9ab54da8effef7c.SC2Replay
696,Nerchio,65,28296,7400,51,842,Z,1,replays/2ndRun\8d5a714e03864f2ab9ab54da8effef7c.SC2Replay
697,LiquidSnute,75,27041,5225,82,692,Z,0,replays/2ndRun\8d5a821c697b4a1395089ea503776006.SC2Replay
698,DnS,68,17232,1925,9,592,P,1,replays/2ndRun\8d5a821c697b4a1395089ea503776006.SC2Replay
699,Geralt,45,16681,100,1,654,P,1,replays/2ndRun\8d9d3d9eccdb4705973309eb5827c152.SC2Replay
700,Patience,45,18422,1900,8,650,P,0,replays/2ndRun\8d9d3d9eccdb4705973309eb5827c152.SC2Replay
701,SpeCial,64,37415,7125,91,1011,T,0,replays/2ndRun\8e02cb7360bf4289975a69563fa56408.SC2Replay
702,Serral,75,67917,11325,157,931,Z,1,replays/2ndRun\8e02cb7360bf4289975a69563fa56408.SC2Replay
703,PiLiPiLi,62,29234,2050,8,643,P,1,replays/2ndRun\8e214ee853cc4e5e969953f9a610936b.SC2Replay
704,Dayshi,57,20740,3475,41,646,T,0,replays/2ndRun\8e214ee853cc4e5e969953f9a610936b.SC2Replay
705,Lambo,40,9167,1950,23,445,Z,1,replays/2ndRun\8e26dee15aa145e3bbd9effca276fee9.SC2Replay
706,Elroye,41,11669,2200,19,451,Z,0,replays/2ndRun\8e26dee15aa145e3bbd9effca276fee9.SC2Replay
707,Neeb,72,38728,3225,14,771,P,1,replays/2ndRun\8e401cdad8734d3982b3f6e53d78fa4d.SC2Replay
708,intense,69,37828,6700,65,899,T,0,replays/2ndRun\8e401cdad8734d3982b3f6e53d78fa4d.SC2Replay
709,Zest,46,12312,1575,6,458,P,1,replays/2ndRun\8e4b28d95c154d40af5bf9abac5cedb4.SC2Replay
710,NightEnD,41,13118,750,5,463,P,0,replays/2ndRun\8e4b28d95c154d40af5bf9abac5cedb4.SC2Replay
711,PartinG,50,27981,900,4,615,P,0,replays/2ndRun\8e52342e71fb4238aab17eb8178de2c3.SC2Replay
712,GOStephano,50,13719,3850,73,535,Z,1,replays/2ndRun\8e52342e71fb4238aab17eb8178de2c3.SC2Replay
713,niceq,71,46526,6500,65,887,T,0,replays/2ndRun\8e55a7cca3e34d61a541f5667996f84d.SC2Replay
714,ParanOid,68,52919,7250,107,786,Z,1,replays/2ndRun\8e55a7cca3e34d61a541f5667996f84d.SC2Replay
715,ShoWTimE,55,38611,2275,12,906,P,1,replays/2ndRun\8e605bb4c599455f8c8948bf44d3acdf.SC2Replay
716,Kelazhur,48,79277,5300,63,1066,T,0,replays/2ndRun\8e605bb4c599455f8c8948bf44d3acdf.SC2Replay
717,Harstem,56,12309,1300,6,509,P,1,replays/2ndRun\8e72245ed00349698cc89d14b9d5218c.SC2Replay
718,Neuro,56,8714,2425,45,476,Z,0,replays/2ndRun\8e72245ed00349698cc89d14b9d5218c.SC2Replay
719,Stephano,56,13710,4325,48,579,Z,1,replays/2ndRun\8e7a06dc0db44ac08147e8c802147191.SC2Replay
720,Zest,56,21847,1300,6,584,P,0,replays/2ndRun\8e7a06dc0db44ac08147e8c802147191.SC2Replay
721,Kelazhur,64,22414,1325,9,633,T,1,replays/2ndRun\8ed42efacf8e4151a556cf282c296155.SC2Replay
722,Namshar,68,27573,2525,31,634,Z,0,replays/2ndRun\8ed42efacf8e4151a556cf282c296155.SC2Replay
723,Neeb,53,16211,1775,10,606,P,0,replays/2ndRun\8ed830810ba1458b8c066b7fcf072e5b.SC2Replay
724,uThermal,44,19906,1675,20,604,T,1,replays/2ndRun\8ed830810ba1458b8c066b7fcf072e5b.SC2Replay
725,Denver,56,8739,2175,27,466,Z,1,replays/2ndRun\8ede37e630574828bf9b0da887634237.SC2Replay
726,Hjax,47,9052,1100,5,418,P,0,replays/2ndRun\8ede37e630574828bf9b0da887634237.SC2Replay
727,DnS,20,3293,350,2,221,P,1,replays/2ndRun\8f03f478806c4aafa8c3eeb9ecbd3877.SC2Replay
728,Frontstab,21,15944,350,2,525,P,0,replays/2ndRun\8f03f478806c4aafa8c3eeb9ecbd3877.SC2Replay
729,NonY,39,6749,275,2,341,P,1,replays/2ndRun\8f1543c93fed485bbb8dcffae6178f29.SC2Replay
730,Pono,34,4016,750,6,335,Z,0,replays/2ndRun\8f1543c93fed485bbb8dcffae6178f29.SC2Replay
731,Harstem,40,15570,2150,10,513,P,1,replays/2ndRun\8f224dbf06384fd6953b2db1e692059c.SC2Replay
732,Gauss,38,21812,1125,5,518,P,0,replays/2ndRun\8f224dbf06384fd6953b2db1e692059c.SC2Replay
733,SouLeer,25,5122,1350,27,368,Z,0,replays/2ndRun\8f2cebe417bb4b3dba82df01577efb75.SC2Replay
734,llllllllllll,41,7316,675,3,365,P,1,replays/2ndRun\8f2cebe417bb4b3dba82df01577efb75.SC2Replay
735,SortOf,55,54408,8100,54,1330,Z,1,replays/2ndRun\8f3c6281a20d4d4d9aa90e10c1f1f8aa.SC2Replay
736,RlSky,66,72298,11175,84,1387,Z,0,replays/2ndRun\8f3c6281a20d4d4d9aa90e10c1f1f8aa.SC2Replay
737,EnvyusViolet,44,8561,2250,20,468,Z,1,replays/2ndRun\8f4838468601450fb1b53800549f0a3c.SC2Replay
738,iGXiGua,37,7617,2825,27,469,Z,0,replays/2ndRun\8f4838468601450fb1b53800549f0a3c.SC2Replay
739,TLO,21,1230,200,2,137,Z,1,replays/2ndRun\8f5029106f244504b62264b1ee6f6ade.SC2Replay
740,Alexander,17,1195,50,1,164,T,0,replays/2ndRun\8f5029106f244504b62264b1ee6f6ade.SC2Replay
741,Patience,18,755,0,0,96,P,1,replays/2ndRun\8f5391c4305044918e590bd88e23d289.SC2Replay
742,Zest,21,1034,0,0,137,P,0,replays/2ndRun\8f5391c4305044918e590bd88e23d289.SC2Replay
743,MaNa,72,22970,2825,10,625,P,0,replays/2ndRun\8f5764683e42422f91a9272e0666bb16.SC2Replay
744,Serral,81,17288,5925,58,676,Z,1,replays/2ndRun\8f5764683e42422f91a9272e0666bb16.SC2Replay
745,ShoWTimE,56,53945,3350,10,1051,P,0,replays/2ndRun\8f608d27cb4841dbb4a7f3a778d3cadc.SC2Replay
746,AxImpact,62,26252,10925,85,984,Z,1,replays/2ndRun\8f608d27cb4841dbb4a7f3a778d3cadc.SC2Replay
747,SortOf,77,25878,5650,74,734,Z,1,replays/2ndRun\8f6878f637614450b99836e38661f07a.SC2Replay
748,Time,53,21696,2825,33,740,T,0,replays/2ndRun\8f6878f637614450b99836e38661f07a.SC2Replay
749,Erik,50,12558,2950,27,527,Z,0,replays/2ndRun\8f89f0b011214e3fab67ee2601309001.SC2Replay
750,Cham,40,13953,3050,31,563,Z,1,replays/2ndRun\8f89f0b011214e3fab67ee2601309001.SC2Replay
751,GOStephano,16,2627,700,14,203,Z,1,replays/2ndRun\8f986cbdf630480db21fdb7fd85ce356.SC2Replay
752,lIIllllIIlll,17,1555,300,6,202,T,0,replays/2ndRun\8f986cbdf630480db21fdb7fd85ce356.SC2Replay
753,LiquidMaNa,62,46698,4275,15,989,P,1,replays/2ndRun\8fae19b31cd742e6afc048dc022271f6.SC2Replay
754,Patience,67,53187,3900,13,974,P,0,replays/2ndRun\8fae19b31cd742e6afc048dc022271f6.SC2Replay
755,Bly,18,2606,400,10,200,Z,1,replays/2ndRun\8fb4b493c5334046a1a8c50ff2ec0a7f.SC2Replay
756,Seventy,22,4390,225,2,212,P,0,replays/2ndRun\8fb4b493c5334046a1a8c50ff2ec0a7f.SC2Replay
757,SortOf,63,16946,3775,44,621,Z,0,replays/2ndRun\8ffc4ef391814bf6a785d792d0771dc3.SC2Replay
758,PiLiPiLi,67,21449,3875,17,596,P,1,replays/2ndRun\8ffc4ef391814bf6a785d792d0771dc3.SC2Replay
759,HeroMarine,71,21929,4425,54,728,T,0,replays/2ndRun\9a1b70241cf244c49461976df013ca88.SC2Replay
760,soO,75,36893,5850,107,711,Z,1,replays/2ndRun\9a1b70241cf244c49461976df013ca88.SC2Replay
761,JimRising,35,11048,2450,31,430,Z,0,replays/2ndRun\9a1bc03ed51c439287318e080e6a0dff.SC2Replay
762,Light,51,15321,1950,22,591,T,1,replays/2ndRun\9a1bc03ed51c439287318e080e6a0dff.SC2Replay
763,daydrA,37,11860,1575,22,544,Z,1,replays/2ndRun\9a562e86ad81475ca11a842a04c0fd53.SC2Replay
764,Nistic,26,8166,1625,20,515,Z,0,replays/2ndRun\9a562e86ad81475ca11a842a04c0fd53.SC2Replay
765,TLO,53,8136,2550,47,456,Z,1,replays/2ndRun\9a6058b4175c45208aed0bc8abda5260.SC2Replay
766,AlienViruz,33,18821,1300,13,446,T,0,replays/2ndRun\9a6058b4175c45208aed0bc8abda5260.SC2Replay
767,Bly,21,6100,575,9,492,Z,1,replays/2ndRun\9a60f3a2607341239aafe6609f095727.SC2Replay
768,EnDerr,13,2685,600,18,214,Z,0,replays/2ndRun\9a60f3a2607341239aafe6609f095727.SC2Replay
769,Namshar,48,6496,1250,15,376,Z,1,replays/2ndRun\9a6c4bcbcba04d20bdc122f68833968d.SC2Replay
770,Elazer,53,8053,1300,15,376,Z,0,replays/2ndRun\9a6c4bcbcba04d20bdc122f68833968d.SC2Replay
771,RaiN,12,50,0,0,0,P,0,replays/2ndRun\9a71ea61fa4b48deaeadfc66c5a2f2c0.SC2Replay
772,Oobios,12,50,100,1,0,Z,1,replays/2ndRun\9a71ea61fa4b48deaeadfc66c5a2f2c0.SC2Replay
773,TIME,50,17452,975,6,595,T,1,replays/2ndRun\9a8173b47bb0467d8762b5cff5e4e1f0.SC2Replay
774,iGiA,48,14334,3100,33,609,Z,0,replays/2ndRun\9a8173b47bb0467d8762b5cff5e4e1f0.SC2Replay
775,Kelazhur,30,9685,1100,6,388,T,1,replays/2ndRun\9a8f31c96ba1411d95ca3b4d9f6e7600.SC2Replay
776,Dolan,29,12487,600,4,387,T,0,replays/2ndRun\9a8f31c96ba1411d95ca3b4d9f6e7600.SC2Replay
777,Scarlett,60,12614,1975,24,524,Z,0,replays/2ndRun\9aa6195bae824820985cdae5de186b68.SC2Replay
778,TIME,47,15618,625,8,523,T,1,replays/2ndRun\9aa6195bae824820985cdae5de186b68.SC2Replay
779,Lambo,66,24576,6700,57,675,Z,1,replays/2ndRun\9ab689b42ff448c0ab5fd77f46b72d9f.SC2Replay
780,soO,63,19521,8225,70,676,Z,0,replays/2ndRun\9ab689b42ff448c0ab5fd77f46b72d9f.SC2Replay
781,Zest,55,30364,1700,8,643,P,1,replays/2ndRun\9aba6756accb49008c4c48e5d39b0925.SC2Replay
782,Stats,54,26964,2300,10,658,P,0,replays/2ndRun\9aba6756accb49008c4c48e5d39b0925.SC2Replay
783,ShoWTimE,66,30942,6330,33,826,P,1,replays/2ndRun\9ac435bfcde846cc99659c3382e08b34.SC2Replay
784,Neeb,79,19458,3950,15,746,P,0,replays/2ndRun\9ac435bfcde846cc99659c3382e08b34.SC2Replay
785,Snute,63,120782,16650,90,1695,Z,0,replays/2ndRun\9ac9ec7ed92746fabd5a18b6d76ca7f5.SC2Replay
786,Has,75,123572,13380,117,1515,P,1,replays/2ndRun\9ac9ec7ed92746fabd5a18b6d76ca7f5.SC2Replay
787,ByuN,50,19726,4700,52,665,T,0,replays/2ndRun\9ada818a551749e1b6337f4b71485fc3.SC2Replay
788,Ryung,51,20181,4725,50,667,T,1,replays/2ndRun\9ada818a551749e1b6337f4b71485fc3.SC2Replay
789,Serral,67,13116,1975,21,500,Z,1,replays/2ndRun\9adbee9d739c4f72953c8b33ce7274ee.SC2Replay
790,ShoWTimE,61,9732,1600,8,503,P,0,replays/2ndRun\9adbee9d739c4f72953c8b33ce7274ee.SC2Replay
791,Rose,18,2641,500,20,200,Z,0,replays/2ndRun\9b042352c766453ea8573153ebefb9d2.SC2Replay
792,Fist,14,3215,800,18,202,Z,1,replays/2ndRun\9b042352c766453ea8573153ebefb9d2.SC2Replay
793,puCK,67,27054,1850,8,682,P,0,replays/2ndRun\9b0ba86a5ea14d26ae2fac2d1b0ed4a4.SC2Replay
794,CMStormPolt,60,26043,4325,58,757,T,1,replays/2ndRun\9b0ba86a5ea14d26ae2fac2d1b0ed4a4.SC2Replay
795,McMonroe,67,31207,4400,73,690,Z,0,replays/2ndRun\9b105fce006f42a9966448b096440bc2.SC2Replay
796,Optimus,68,17834,2800,39,684,T,1,replays/2ndRun\9b105fce006f42a9966448b096440bc2.SC2Replay
797,Hydra,14,1951,750,16,193,Z,1,replays/2ndRun\9b146555ef3f411697c089a68ae2e5d2.SC2Replay
798,Elazer,21,2958,350,5,196,Z,0,replays/2ndRun\9b146555ef3f411697c089a68ae2e5d2.SC2Replay
799,HeroMarine,47,10451,850,15,448,T,0,replays/2ndRun\9b294cd3bfde45f6aeeeb95d20f55dcf.SC2Replay
800,Elazer,61,21432,2000,32,567,Z,1,replays/2ndRun\9b294cd3bfde45f6aeeeb95d20f55dcf.SC2Replay
801,HuK,40,9788,475,3,424,P,1,replays/2ndRun\9b2d3e7c87d64a30ae895d4eb0aa3033.SC2Replay
802,PiG,60,15951,2000,34,502,Z,0,replays/2ndRun\9b2d3e7c87d64a30ae895d4eb0aa3033.SC2Replay
803,soul,46,14825,1650,16,513,T,1,replays/2ndRun\9b4d1dc54edc41509ef30ca5f21286a6.SC2Replay
804,MightyKiwi,44,9586,3100,54,513,Z,0,replays/2ndRun\9b4d1dc54edc41509ef30ca5f21286a6.SC2Replay
805,Scarlett,61,18830,8025,78,757,Z,0,replays/2ndRun\9b6967fe29024236a10c8de66d46f218.SC2Replay
806,Serral,67,28967,7375,61,757,Z,1,replays/2ndRun\9b6967fe29024236a10c8de66d46f218.SC2Replay
807,Serral,12,70,100,1,15,Z,1,replays/2ndRun\9b74f9262fad45d3a439056855cce1c6.SC2Replay
808,SpeCial,13,75,0,0,17,T,0,replays/2ndRun\9b74f9262fad45d3a439056855cce1c6.SC2Replay
809,TRUE,57,46116,10875,137,884,Z,1,replays/2ndRun\9b7946a8a8f0462ebcf3517675926a1b.SC2Replay
810,Bails,69,29309,2325,8,764,P,0,replays/2ndRun\9b7946a8a8f0462ebcf3517675926a1b.SC2Replay
811,Lambo,89,37116,9850,68,873,Z,1,replays/2ndRun\9b8b4a0c28f845aba08c60150e4509fc.SC2Replay
812,LiquidMaNa,84,47118,4825,18,840,P,0,replays/2ndRun\9b8b4a0c28f845aba08c60150e4509fc.SC2Replay
813,Clem,40,8294,1475,17,427,T,0,replays/2ndRun\9b96b80b7df04b74ba22d6d1fd497ac2.SC2Replay
814,Harstem,55,14736,2175,8,541,P,1,replays/2ndRun\9b96b80b7df04b74ba22d6d1fd497ac2.SC2Replay
815,SpeCial,61,27686,5300,57,846,T,0,replays/2ndRun\9bb98682b78646fdb5fe58fcbfcaf72a.SC2Replay
816,Neeb,61,25759,2675,12,665,P,1,replays/2ndRun\9bb98682b78646fdb5fe58fcbfcaf72a.SC2Replay
817,PtitDrogo,44,7726,800,4,390,P,1,replays/2ndRun\9bcddb48eaff491596168c383a0fbc51.SC2Replay
818,Reynor,47,6344,1300,17,381,Z,0,replays/2ndRun\9bcddb48eaff491596168c383a0fbc51.SC2Replay
819,Happy,64,22165,4950,53,750,T,1,replays/2ndRun\9beb608cd9cf4be0937007e54b4fb1b2.SC2Replay
820,LiquidMaNa,63,27266,900,5,709,P,0,replays/2ndRun\9beb608cd9cf4be0937007e54b4fb1b2.SC2Replay
821,MaNa,50,14624,900,4,499,P,1,replays/2ndRun\9bff4ba444ab4433a45bf31b97a4bb2d.SC2Replay
822,ViBE,55,8286,2200,17,460,Z,0,replays/2ndRun\9bff4ba444ab4433a45bf31b97a4bb2d.SC2Replay
823,Creature,62,25149,6150,23,825,P,0,replays/2ndRun\9c0ec84030d7478a8b7a90c948aa2c73.SC2Replay
824,Mokomi,56,22730,6850,26,816,P,1,replays/2ndRun\9c0ec84030d7478a8b7a90c948aa2c73.SC2Replay
825,Snute,76,26436,8300,73,730,Z,1,replays/2ndRun\9c25a986c8894c49b733ff4147626223.SC2Replay
826,Has,81,28453,7175,25,775,P,0,replays/2ndRun\9c25a986c8894c49b733ff4147626223.SC2Replay
827,MightyKiwi,36,10760,1875,39,452,Z,1,replays/2ndRun\9c3310ecdea5434588e79fc3a04da1e7.SC2Replay
828,ZergGirl,22,10911,1825,46,449,Z,0,replays/2ndRun\9c3310ecdea5434588e79fc3a04da1e7.SC2Replay
829,INnoVation,66,35571,6575,79,945,T,1,replays/2ndRun\9c799a8a4b3f4660b31e7d106c3302b6.SC2Replay
830,Dark,78,47229,12675,185,947,Z,0,replays/2ndRun\9c799a8a4b3f4660b31e7d106c3302b6.SC2Replay
831,TYTY,35,12308,1975,19,525,T,1,replays/2ndRun\9cc45102cd744647ba53ba8ffbeac615.SC2Replay
832,llllllllllll,44,8010,375,3,395,P,0,replays/2ndRun\9cc45102cd744647ba53ba8ffbeac615.SC2Replay
